Tweet_Count,UserName,Text,Created_At,Retweets,Likes,View_Count,HashTags,Tweet_Link
1,Philanthropist,"@TOOFAANARMY I want mine too 100%% not 15/20/50 
Not to support the scam of #wazirx #WazirxScam @NischalShetty 

#NirmalaSitharaman https://t.co/RTumL5BH89",Fri Feb 14 21:47:43 +0000 2025,12,17,1578,"['#wazirx', '#WazirxScam', '#NirmalaSitharaman']",https://twitter.com/Humanity913/status/1890518307561718168
2,Nirmala Sitharaman,"Congratulations @gupta_rekha on being elected leader of the legislative party of @BJP4Delhi. Under the leadership of PM @narendramodi and with the guidance of @BJP4India president @JPNadda, I am confident that our government will serve the people of Delhi to meet with their https://t.co/l04hZUBn6Z",Wed Feb 19 15:14:45 +0000 2025,1029,10271,145342,[],https://twitter.com/nsitharaman/status/1892231356467589268
3,BALA,"Raghav Chadha was misleading about the Income Tax above 12 lakh, but Nirmala Sitharaman ji schooled him with facts...

Laanat hai @raghav_chadha ke CA degree par ЁЯШВ https://t.co/VGoq8e0XDO",Thu Feb 13 13:06:55 +0000 2025,3511,13938,229885,[],https://twitter.com/erbmjha/status/1890024855682301972
4,BALA,"Nirmala Sitharaman rips apart the DMK, which has no moral right to speak on women and Draupadi.

Must watch. https://t.co/tunYbfDGwZ",Thu Aug 10 08:49:14 +0000 2023,776,3358,50934,[],https://twitter.com/erbmjha/status/1689559520614207488
5,CA Sonu Jain (Crypto Tax Expert),"Biggest failure for Indian ЁЯЗоЁЯЗ│ authorities:

1. ED silent on WazirX scam 2024 @dir_ed 

2. CBI silent on WazirX scam 2024 @CBIHeadquarters 

3. RBI silent on WazirX scam 2024 @RBI 

4. FM Nirmala Sitharaman silent on WazirX scam 2024 @nsitharaman 

5. FIU India helping WazirX scam https://t.co/NGjDWouUR1",Sun Feb 09 03:55:58 +0000 2025,471,998,50550,[],https://twitter.com/TheWeb3CA/status/1888436654442168510
6,Ilaya Bharatham,"роиро┐ро░рпНрооро▓ро╛ роЪрпАродро╛ро░ро╛рооройрпН рокро▒рпНро▒ро┐  роЙроЩрпНроХро│рпН роХро░рпБродрпНродрпБ роОройрпНрой?

#NirmalaSitharaman https://t.co/fvCm2Dn6ep",Fri Feb 14 09:49:13 +0000 2025,185,1981,66408,['#NirmalaSitharaman'],https://twitter.com/IBharatham/status/1890337492995277244
7,Amock_,"I don't know on which planet Nirmala Sitharaman is living that she can't see unemployment and inflation 

- Priyanka Gandhi roasting FM ЁЯФеЁЯШВ

https://t.co/2RPXMoo7mg",Tue Feb 11 14:34:17 +0000 2025,1676,9992,200886,[],https://twitter.com/Amockx2022/status/1889322066878271657
8,Nirmala Sitharaman Office,"It is ironical that Trinamool Congress, a party which prides itself on being rooted in the grassroots (Trinamool), now symbolises harassment and denial of rights to the people living at the grassroots, i.e тАШTrinamoolтАЩ .

Trinamool Congress has institutionalised corruption, gutted https://t.co/jL5PlDNOLU",Tue Feb 11 13:40:53 +0000 2025,223,611,13068,[],https://twitter.com/nsitharamanoffc/status/1889308630664773977
9,CS Community ЁЯЗоЁЯЗ│,"#ICSI submitted it's representation before Hon'ble FM Nirmala Sitharaman, Ministry of Corporate Affairs !!! 

#CMACSforTaxAudit #CompanySecretary https://t.co/3bArDidNoY",Mon Feb 17 14:40:22 +0000 2025,24,111,3648,"['#ICSI', '#CMACSforTaxAudit', '#CompanySecretary']",https://twitter.com/Cstalkss/status/1891497924170858564
10,CMA Pawan Gaikwad юиА,"The Institute of Cost Accountants of India has submitted a memorandum to Hon'ble FM Smt. Nirmala Sitharaman, requesting the inclusion of ""Cost Accountant"" in the definition of ""Accountant"" u/s 515(3)(b) of the Income-Tax Bill, 2025. 

#CostAccountants #taxaudit #cma  #ca #cs https://t.co/7RFnGk8tvz",Thu Feb 20 10:45:48 +0000 2025,2,22,328,"['#CostAccountants', '#taxaudit', '#cma', '#ca', '#cs']",https://twitter.com/ipawan_G/status/1892526056956964905
11,Nirmala Sitharaman Office,"Issues related to Bilateral Investment Treaty (BIT) are so unique to the sovereign that we think BIT should be negotiated stand-alone rather than make it as a part of FTA agreement.

We think that BIT &amp; its ramifications are very important for the sovereignty of the country, https://t.co/vGzeEAC22h",Sat Feb 15 14:01:23 +0000 2025,20,68,6947,[],https://twitter.com/nsitharamanoffc/status/1890763338843644038
12,U308 Renaissance Man,"Great cooperation with industry and government. Earlier this month, Finance Minister Nirmala Sitharaman said India will make legislative amendments to allow private firms in nuclear power generation and change its liability law to facilitate it. Now $VEDL IN  says initial bids",Thu Feb 20 14:54:13 +0000 2025,0,1,274,[],https://twitter.com/U308RM/status/1892588575415243137
13,Business Standard,"Secure your seat for an exclusive discussion led by Nirmala Sitharaman, Union Minister of Finance and Corporate Affairs, as she shares insights on the future of India's economic growth at Business Standard Manthan.

For passes, visit: https://t.co/oAumFncY9M

#bsmanthan https://t.co/UoD3zIIJWP",Thu Feb 20 16:05:23 +0000 2025,0,2,709,['#bsmanthan'],https://twitter.com/bsindia/status/1892606485927952673
14,ЁЯЪиIndian Gems,"""There is no inflation, there is no rise in unemployment, there is no rise in prices""

- Nirmala Sitharaman ЁЯШВЁЯШВ https://t.co/wtjMFnr1cQ",Tue Feb 11 16:48:30 +0000 2025,700,3733,71139,[],https://twitter.com/IndianGems_/status/1889355843310854472
15,BALA,"Bengal MP thought he could level 'Financial blockade' charge at Modi govt &amp; get away with it easily...

But FM Nirmala Sitharaman not just thrashed him with facts but also exposed the mass level scams TMC is involved in Bengal ЁЯЧ┐ https://t.co/BLRmfHYXYV",Tue Feb 11 14:46:39 +0000 2025,1457,6407,82601,[],https://twitter.com/erbmjha/status/1889325178720800932
16,Nirmala Sitharaman Office,"More than Rs 1 lakh crore is remaining as unspent balance with the State Governments as of 31st December 2024. 

As per the Expenditure Profile statement, which is presented along with the Budget, 

- Rs 1,395.45 crore is lying with the States under Rashtriya Krishi Vikas Yojana https://t.co/IvsLXGBcPq",Tue Feb 11 14:42:26 +0000 2025,157,441,19918,[],https://twitter.com/nsitharamanoffc/status/1889324117725417963
17,Bagavath Pratheep,"рокро╛ро░ро╛ро│рпБрооройрпНро▒родрпНродро┐ро▓рпН родро┐роорпБроХ MPроХрпНроХро│рпН ро╡ро┐ро▓рпНроЪройрпН рооро▒рпНро▒рпБроорпН роЕрокрпНродрпБро▓рпНро▓ро╛ро╡рпИ роУроЯ роУроЯ ро╡ро┐ро░роЯрпНроЯро┐роп роиро┐родро┐ роЕроорпИроЪрпНроЪро░рпН ЁЯШДЁЯЪ╢тАНтЩВя╕ПтАНтЮбя╕П

ро╡рпАроЯрпНроЯрпБроХрпНроХрпБ ро╡роирпНродрпБ роиро▓рпНро▓ро╛ роЪрпБроЯрпБ родрогрпНрогро┐ ро╡роЪрпНроЪрпБ роТродрпНродро│роорпН роХрпКроЯрпБроЩрпНроХ @arivalayam 

#ParliamentSession #NirmalaSitharaman https://t.co/TZ8i3QT85j",Thu Feb 13 13:01:11 +0000 2025,393,962,17889,"['#ParliamentSession', '#NirmalaSitharaman']",https://twitter.com/Bagavathprathee/status/1890023415672922529
18,Rohini Anand,"I don't know which planet Nirmala Sitharaman lives in that she doesn't know about inflation &amp; unemployment 

тАФ Priyanka Gandhi ЁЯФе https://t.co/6p4JTaOvS8",Tue Feb 11 15:18:56 +0000 2025,177,667,8855,[],https://twitter.com/mrs_roh08/status/1889333305935364424
19,Nirmala Sitharaman,"Thank Minister @dpradhanbjp for presenting me тАШJammu Kashmir and Ladakh: Through The AgesтАЩ. 

The book provides a well-written account of the cultural and spiritual legacy of the region. Its knowledge traditions are beautifully captured.

Elegantly produced/published by https://t.co/3nHMWIwNuO",Mon Feb 10 15:33:24 +0000 2025,208,769,27918,[],https://twitter.com/nsitharaman/status/1888974558239297976
20,CMA UNOFFICIAL,"The Institute of Cost Accountants of India has submitted a memorandum to Hon'ble Finance Minister Smt. Nirmala Sitharaman, requesting the inclusion of ""Cost Accountant"" in the definition of ""Accountant"" under Section 515(3)(b) of the Income-Tax Bill, 2025.  #CostAccountants https://t.co/m0HH5D81Ec",Thu Feb 20 09:55:03 +0000 2025,16,64,830,['#CostAccountants'],https://twitter.com/SatyaSahooo/status/1892513285779431920
21,Pritesh Shah,"FIIs are not selling they are booking profits. That is what FM Nirmala Sitharaman ji meant by her statement.

Now, the question is What is stopping DIIs and small retail investors from booking profits these days? Why are they crying? Can any market expert explain this?
#Nifty https://t.co/iQLMHhwaXB",Tue Feb 18 04:12:19 +0000 2025,18,41,6845,['#Nifty'],https://twitter.com/priteshshah_/status/1891702258049388704
22,Parmarth Niketan,"Union Finance Minister,@FinMinIndia , @nsitharaman  Smt. Nirmala Sitharaman, visited Parmarth Niketan with her parents, participated in the Sangam Aarti with @PujyaSwamiji   and Pujya @SadhviBhagawati ji, and was gifted a Rudraksha plant. 
#MahaKumbh2025 https://t.co/16ncJ0tyZk",Wed Feb 19 15:53:22 +0000 2025,1,4,298,['#MahaKumbh2025'],https://twitter.com/ParmarthNiketan/status/1892241072169885755
23,KangeyanD,"роиро┐ро░рпНрооро▓ро╛ рооро╛рооро┐ рокрпКропрпН рокрпБро░роЯрпНроЯрпБ.
#роЗроирпНродро┐ропрпБроорпН_родрооро┐ро┤рпНроиро╛роЯрпБроорпН

родро┐ро░рпБроородро┐. Nirmala Sitharaman роЕро╡ро░рпНроХро│рпН родро┐ро░рпБроЪрпНроЪро┐ропро┐ро▓рпН роЗро░рпБроХрпНроХрпБроорпН роЪрпАродрпНродро╛ро▓роЯрпНроЪрпБрооро┐ ро░ро╛роороЪро╛рооро┐ роХро▓рпНро▓рпВро░ро┐ропро┐ро▓рпН (S.R.C)1977роЗро▓ро┐ро░рпБроирпНродрпБ 1980 ро╡ро░рпИ BA рокрпКро░рпБро│ро╛родро╛ро░роорпН рокроЯро┐родрпНродро╛ро░рпН.
 
роЕро╡ро░рпБроХрпНроХрпБ роТро░рпБ ро╡ро░рпБроЯроорпН роЪрпАройро┐ропро░рпН роОройрпН роЪроХрпЛродро░ро┐ Padmakumari Chandru. https://t.co/mhCgzro6gT",Tue Aug 13 01:41:34 +0000 2024,198,539,49173,['#роЗрои'],https://twitter.com/kangeyan50/status/1823173016718586255
24,CNBC-TV18,"""FIIs also go out when they are able to book #profits "" says #FinanceMinister #NirmalaSitharaman when asked about the selling spree on Dalal Street. FIIs have net sold equities worth nearly тВ╣1 Lakh Crore since the start of 2025.

#stockmarket #equities #cnbctv18digital https://t.co/jLKfzNvzG1",Mon Feb 17 14:01:42 +0000 2025,8,15,9583,"['#profits', '#FinanceMinister', '#NirmalaSitharaman', '#stockmarket', '#equities', '#cnbctv18digital']",https://twitter.com/CNBCTV18News/status/1891488196543864909
25,Nirmala Sitharaman Office,"Increasing the limit of Kisan Credit Card (KCC) from Rs 3 lakh to Rs 5 lakh is being purely done so that farmers don't fall prey to the middlemen who charge huge amounts. This amount through KCC is guaranteed by the government, they don't need to give any collateral and also for https://t.co/S6o03ez05i",Tue Feb 11 14:52:58 +0000 2025,94,290,7828,[],https://twitter.com/nsitharamanoffc/status/1889326770345988198
26,Kanika Gahlaut,"Nirmala Sitharaman in this morningтАЩs vande bharat from New Delhi , headed to Mahakumbh https://t.co/5WPyS4zYt5",Wed Feb 19 00:26:08 +0000 2025,0,0,212,[],https://twitter.com/kanikagahlaut/status/1892007725170663554
27,Nirmala Sitharaman Office,"The govt led by Hon'ble Prime Minister Shri @narendramodi has done a lot of things for West Bengal. Here's a list: 

тЬЕAIIMS Kalyani inaugurated in West Bengal in February 2024.

Railways

тЬЕWest Bengal received a record allocation of Rs 13,955 crores for rail infrastructure. https://t.co/a002oaaqIS",Tue Feb 11 13:49:02 +0000 2025,292,906,32447,[],https://twitter.com/nsitharamanoffc/status/1889310682128240738
28,TNNEWS24Air,"роородрпНродро┐роп роиро┐родро┐ роЕроорпИроЪрпНроЪро░рпН роиро┐ро░рпНрооро▓ро╛ роЪрпАродро╛ро░ро╛рооройрпН родро┐роорпБроХ MP-роХро│рпИ роЯрпАро▓рпН роЪрпЖропрпНропрпБроорпН ро╡ро┐родроорпН. ..
#Nirmalasitharaman | #TiruchiSiva | #dmk | #parliment | #tnnews24digital https://t.co/34ubGnFXTD",Fri Feb 14 04:48:48 +0000 2025,180,1510,43895,"['#Nirmalasitharaman', '#TiruchiSiva', '#dmk', '#parliment', '#tnnews24digital']",https://twitter.com/tnnews24air/status/1890261889579643010
29,Sakshi Batra,"Why are FPIs consistently selling Indian markets?
Watch #FinanceMinister #NirmalaSitharaman answer what the govt envisions to make Indian markets an attractive investment destination..

#Budget2025 https://t.co/MlSYBMTjFw",Wed Feb 12 05:56:24 +0000 2025,1,11,1858,"['#FinanceMinister', '#NirmalaSitharaman', '#Budget2025']",https://twitter.com/sakshibatra18/status/1889554125781598366
30,Rajesh Kulheri,"рд╣реЗ рдкреНрд░рднреБ , рд╣реЗ рд╣рд░рд┐рд░рд╛рдо рдХреГрд╖реНрдг рдЬрдЧрдиреНрдирд╛рде рдкреНрд░реЗрдорд╛рдирдВрдж рдпреЗ рдХреНрдпрд╛ рд╣реБрдЖ !
рд╣реЗ рдЧрдВрдЧрд╛ рдореИрдпрд╛ рдореИрдВрдиреЗ рдЬреЛ рднреА рдкрд╛рдк FII рдХреЗ рд▓рд┐рдП рдЕрдирд░реНрдЧрд▓ рдмреЛрд▓ рдХреЗ рдХрд┐рдП рд╣реИрдВ рдЙрдирдХреЗ рд▓рд┐рдП рдореБрдЭреЗ рдорд╛рдл рдХрд░реЛ рдФрд░ рд╕рднреА рд╡рд╛рдкрд┐рд╕ рд╕реЗ рднрд╛рд░рддреАрдп рдмрд╛рдЬрд╝рд╛рд░ рдореЗрдВ рдирд┐рд╡реЗрд╢ рдХрд╝рд░реЗ рдРрд╕рд╛ рдЖрд╢реАрд░реНрд╡рд╛рдж рджреЛ ред
рд╣рд░ рд╣рд░ рдЧрдВрдЧреЗ, рд╣рд░ рд╣рд░ рдорд╣рд╛рджреЗрд╡ ЁЯЩПЁЯЩПЁЯЩП
#NirmalaSitharaman #stockmarketsindia #NSE https://t.co/RnhRp9ExMB",Tue Feb 18 04:37:54 +0000 2025,3,24,5680,"['#NirmalaSitharaman', '#stockmarketsindia', '#NSE']",https://twitter.com/Rajkulheri/status/1891708699057459419
31,Nirmala Sitharaman Office,"In 2022-23, Debt consolidation and strengthening StatesтАЩ liquidity position was given a big priority.

тЬЕWe commenced complete financing of the Capital Outlays of Railways and Highways from the Union Budget. This allowed for debt consolidation of these agencies and helped lower https://t.co/LdICQHFSRy",Thu Feb 13 14:00:52 +0000 2025,23,74,4976,[],https://twitter.com/nsitharamanoffc/status/1890038432229114222
32,All India CMA Association,"ЁЯЪи ICMAI Urges Inclusion of Cost Accountants in Income-Tax Bill 2025! ЁЯЪи

The Institute of Cost Accountants of India (@ICMAICMA) has submitted a memorandum to HonтАЩble Finance Minister Smt. Nirmala Sitharaman (@nsitharaman), requesting the inclusion of Cost Accountants in the https://t.co/ReejLF0rEw",Thu Feb 20 10:32:09 +0000 2025,26,78,1085,[],https://twitter.com/AICMAA/status/1892522621868335213
33,Kanika Gahlaut,Nirmala Sitharaman takes the Vande Bharat from New Delhi to #MahaKumbh even as the dayтАЩs papers are discussing #stampedestations after the mayhem at NDLS. PR move by BJP? https://t.co/22fBVl9zqC,Wed Feb 19 01:41:36 +0000 2025,0,1,216,"['#MahaKumbh', '#stampedestations']",https://twitter.com/kanikagahlaut/status/1892026718572937456
34,Nirmala Sitharaman Office,"Shri Rajiv Memani (@rajivmemani), Chairman and Regional Managing Partner - @EY_India, calls on Smt @nsitharaman. https://t.co/1phTFA8EtA",Wed Feb 12 12:15:57 +0000 2025,33,215,16356,[],https://twitter.com/nsitharamanoffc/status/1889649643287413157
35,Nirmala Sitharaman Office,"The government's emphasis post COVID-19 pandemic to put money for public expenditure in capital building continues.

The perception of the focus shifting from Expenditure to Consumption, is not right. Capex has been enhanced &amp; simultaneously we've given relief in the Personal https://t.co/cQthH3WfoI",Mon Feb 17 09:39:29 +0000 2025,32,100,8205,[],https://twitter.com/nsitharamanoffc/status/1891422205378236716
36,Nirmala Sitharaman Office,"The steps taken by the Hon'ble Prime Minister Shri @narendramodi-led government towards making India a #ViksitBharat are: 

- Emphasis on R&amp;D, especially in STEM

- Boosting manufacturing through PLI

- Removing compliance burden on the businesses

Seeing its advantages for the https://t.co/f4LZev1F25",Mon Feb 17 09:33:37 +0000 2025,60,175,13169,['#ViksitBharat'],https://twitter.com/nsitharamanoffc/status/1891420730992296072
37,Sanjoy,"Power #women

President of #India since 2022 ЁЯЗоЁЯЗ│
#droupadimurmu

Finance Minister of India since 2019 ЁЯЗоЁЯЗ│ 
#NirmalaSitharaman

Chief Minister of national capital #Delhi on this day 2025 ЁЯЗоЁЯЗ│
#RekhaGupta https://t.co/tRtBDD3fkR",Thu Feb 20 12:53:00 +0000 2025,0,2,30,"['#women', '#India', '#droupadimurmu', '#NirmalaSitharaman', '#Delhi', '#RekhaGupta']",https://twitter.com/tweetsSANJOY/status/1892558070527463616
38,World Nuclear Association,"At @IndiaEnergyWeek, our Director General Dr @SamaBilbao joined @CNBC Sri Jegarajah for an interview. 

They discussed how India can meet the challenge to deliver at least 100 GW of nuclear energy by 2047, announced by Minister of Finance Nirmala Sitharaman last week. https://t.co/zFy3PVTKTr",Thu Feb 13 16:00:26 +0000 2025,1,11,630,[],https://twitter.com/WorldNuclear/status/1890068522551620047
39,Dimpy Kalra,"#FIIs  рдкрд░ рд╡рд┐рддреНрдд рдордВрддреНрд░реА рдиреЗ рдХреНрдпрд╛ рдХрд╣рд╛ рдЬрд░рд╛ рдпреЗ рднреА рд╕реБрди рд▓реАрдЬрд┐рдП ЁЯСЗ
Profit booking leading FIIs to sell Indian equities: FM Sitharaman
(Source: PTI)

#FIIs #economy #tariffwar #NirmalaSitharaman https://t.co/pPDf9kWyhL",Tue Feb 18 03:06:30 +0000 2025,0,9,3802,"['#FIIs', '#FIIs', '#economy', '#tariffwar', '#NirmalaSitharaman']",https://twitter.com/dkalra81/status/1891685695166574870
40,Nirmala Sitharaman (Parody),"My Elderly mother went to SBI today.
She went to the branch. Her phone was taken by the officer for an hour.
Without her knowledge, Internet banking was created, YONO was installed and CREDIT CARD was applied. 
Outrageous ЁЯдмЁЯдмЁЯШбЁЯдмЁЯШбЁЯдмЁЯШбЁЯШб
@OfficialSBICare",Thu Feb 20 16:14:38 +0000 2025,1,3,69,[],https://twitter.com/samosababa/status/1892608810633552307
41,Nirmala Sitharaman Office,"Arbitrators have often ignored the judicial decisions of the host country.

While arriving at an arbitration outcome, even findings related to crimes like fraud and corruption which have been established through the court of law in the host country, put the states in a https://t.co/xuNpLsaAQ9",Sat Feb 15 13:43:54 +0000 2025,51,177,15522,[],https://twitter.com/nsitharamanoffc/status/1890758941543670182
42,Tamil Nadu Congress Committee,"I don't know on which planet Nirmala Sitharaman is living that she can't see unemployment and inflation 

- Smt @priyankagandhi ЁЯФеЁЯФеЁЯФе https://t.co/FFC9qbo73U",Wed Feb 12 03:18:22 +0000 2025,201,733,9658,[],https://twitter.com/INCTamilNadu/status/1889514357433790674
43,Tamil Janam,"роХро░рпНроЬро┐родрпНрод роиро┐ро░рпНрооро▓ро╛ рокродро▒ро┐роп родро┐роорпБроХ MP
роиро╛роЯро╛ро│рпБрооройрпНро▒родрпНродро┐ро▓рпН рокро░рокро░рокрпНрокрпБ
#tamiljanam #NirmalaSitharaman #bjp #parliament #ParliamentBudgetSession2025 #DMK #MP #NewsUpdate https://t.co/4RBKQZcuse",Thu Feb 13 14:59:28 +0000 2025,493,1689,32503,"['#tamiljanam', '#NirmalaSitharaman', '#bjp', '#parliament', '#ParliamentBudgetSession2025', '#DMK', '#MP', '#NewsUpdate']",https://twitter.com/TamilJanamNews/status/1890053179204882463
44,Nirmala Sitharaman Office,"As per the UNCTAD reports, there have been 1,368 registered investment treaty cases. On average, most of these cases - almost 70% are pursued against Developing nations based on the old-generation treaties &amp; that's a worrying element for the Developing countries. It allows the https://t.co/Al096yHaOh",Sat Feb 15 14:09:59 +0000 2025,21,75,7641,[],https://twitter.com/nsitharamanoffc/status/1890765502726975543
45,CMA Ajaya Kumar Sahoo,"#CMACSforTaxAudit
Add CMA &amp; CS in accountant definition of new income tax code.CMA &amp; CS deserve to be in tax audit. #NirmalaSitharaman #incometaxbill2025 #narendramodi_primeminister @nsitharamanoffc @ICMAICMA @icsi_cs @FinMinIndia",Sat Feb 15 12:19:34 +0000 2025,21,53,1353,"['#CMACSforTaxAudit', '#NirmalaSitharaman', '#incometaxbill2025', '#narendramodi_primeminister']",https://twitter.com/ajayasahoo12/status/1890737716695875788
46,Anurag Shah,"At todayтАЩs press conference in Mumbai, tried asking questions to Finance Minister Nirmala Sitharaman on 100% FDI in Insurance, Insurance Act amendments (composite license &amp; value-added services), mis-selling in insurance, and the governmentтАЩs action plan for PSU general insurers. https://t.co/MhbSU25tzU",Mon Feb 17 17:29:02 +0000 2025,10,20,10564,[],https://twitter.com/anuragshah_/status/1891540374184669541
47,Nirmala Sitharaman Office,"At the time of reorganisation, Telangana was revenue surplus. 
Today, it is in debt despite many efforts being made by the Prime Minister Shri @narendramodi led govt at the Centre. 

Some of the efforts for Telangana are: 

тЬЕKakatiya Mega Textile Park in Warangal announced as PM https://t.co/24KRNGDFDi",Thu Feb 13 13:51:08 +0000 2025,110,316,16166,[],https://twitter.com/nsitharamanoffc/status/1890035983925850349
48,Ilaya Bharatham,"роЖроХрпНро░рпЛроЪрооро╛рой роиро┐ро░рпНрооро▓ро╛.. ропро╛ро░рпН роЕрокрпНрокро╛ ро╡ро┐роЯрпНроЯрпБ роХро╛роЪрпБ роЪрпБроорпНрооро╛ роЗроЩрпНроХ роХродрпНродро╛родрпАроЩрпНроХ ... | Nirmala Sitharaman |

#NirmalaSitharaman #TamilNadu #MKStalin #udhayanithistalin #ilayabharatham https://t.co/zgAPX5rXYD",Sat Feb 15 11:12:12 +0000 2025,372,1601,63724,"['#NirmalaSitharaman', '#TamilNadu', '#MKStalin', '#udhayanithistalin', '#ilayabharatham']",https://twitter.com/IBharatham/status/1890720761637175736
49,aukesh mmbani,"@_veeerrrrr__ Nirmala Sitharaman is our finance minister she goes to office to our president has office too.
What's your point lodu just because ur mom was running brothel doesn't mean everyone does that ????",Wed Feb 19 03:08:54 +0000 2025,2,15,933,[],https://twitter.com/distuptor32/status/1892048687653847415
50,Nirmala Sitharaman Office,"Reforms towards boosting manufacturing, Ease of Doing business and steps for the betterment of social infrastructure are all being kept in place. We won't stop with it. The momentum of reforms shall continue.

Newer areas are also being opened up and that's why in the last two https://t.co/MdZdhVGtJ5",Mon Feb 17 09:35:33 +0000 2025,10,35,4333,[],https://twitter.com/nsitharamanoffc/status/1891421215128223774
51,North East West South,"Today's VIPs in Maha Kumbh

1. Finance Minister Nirmala Sitharaman
2. Aviation Minister Rammohand Naidu
3. MP Tejasvi Surya
4. Bihar leader Jiten Ram Manjhi

#MahaKumbh2025 #nirmalasitharaman #tejasvisurya #rammohannaidu #jitenrammanjhi https://t.co/ebK5KOf4ui",Wed Feb 19 18:36:40 +0000 2025,0,4,156,"['#MahaKumbh2025', '#nirmalasitharaman', '#tejasvisurya', '#rammohannaidu', '#jitenrammanjhi']",https://twitter.com/prawasitv/status/1892282170040782868
52,sudhu bhai,"Arrogant lady and her minions will destroy our market

https://t.co/gZbp4Y8Rxo",Mon Feb 17 17:43:01 +0000 2025,0,1,14,[],https://twitter.com/sudheshpn/status/1891543891750367488
53,Jan Suraaj Urdu,рдмрдЬрдЯ 2025 рдореЗрдВ рднреА рдмрд┐рд╣рд╛рд░ рдХреЗ рд╕рд╛рде рдЫрд▓ рд╣реБрдЖ рд╣реИред  #Budget2025 #NirmalaSitharaman #BJPGovernment #tax #Salary #incometax https://t.co/KfyC6svAIB,Sat Feb 15 06:27:14 +0000 2025,1,5,200,"['#Budget2025', '#NirmalaSitharaman', '#BJPGovernment', '#tax', '#Salary', '#incometax']",https://twitter.com/jansuraajurdu/status/1890649047574221243
54,BALA,"Nirmala Sitharaman is single-handedly destroying the virtual existence of Congress ЁЯШВ

Take a bow ЁЯЩЗЁЯП╗ https://t.co/wiLOAXJ6no",Thu Feb 13 15:08:57 +0000 2025,2477,11370,151086,[],https://twitter.com/erbmjha/status/1890055569576517994
55,Ravan ( рд░рд╛рд╡рдг ) ЁЯХЙя╕П ЁЯЗоЁЯЗ│,"Before #NirmalaSitharaman press conference today
Indian Market 

#nifty #banknifty https://t.co/4n9p38NPfd",Mon Feb 17 06:58:36 +0000 2025,0,5,360,"['#NirmalaSitharaman', '#nifty', '#banknifty']",https://twitter.com/A8_krunal/status/1891381716457083373
56,Nirmala Sitharaman (Parody),Thank you Ambedkar for the emancipation of masses from Upper Castes https://t.co/xTo0TAm3wP,Wed Feb 19 18:05:55 +0000 2025,0,4,431,[],https://twitter.com/samosababa/status/1892274428005830778
57,ЁЯЪиIndian Gems,"""Heavy selling by foreign investors likely due to India delivering good returns""

- Nirmala Sitharaman ЁЯШВ ЁЯШВ 

Dear Ma'am,

Returns in Last 6 months:

China : +24%  
US Markets: +12%
Even Pakistan: +9%
India: -9% https://t.co/mSewLoNMIC",Tue Feb 18 04:35:33 +0000 2025,881,3544,105824,[],https://twitter.com/IndianGems_/status/1891708108495286362
58,Rakesh Verma,"@vijaykbandhu @PARDEEPkau @vijaykbandhu 
#NirmalaSitharaman
#OPS_рд▓рд╛рдЧреВ_рдХрд░реЛ #NoNPS_NoUPS_OnlyOPS 
#ops 
рдХрд░реНрдордЪрд╛рд░рд┐рдпреЛрдВ рд╕реЗ рд╕рдм рдХреБрдЫ рд▓реЗ рд▓реАрдЬрд┐рдП рдмрд╕ рдкреБрд░рд╛рдиреА рдкреЗрдВрд╢рди рд▓реМрдЯрд╛ рджреАрдЬрд┐рдП рд╕рд╛рд╣рдмЁЯЩП https://t.co/rFC2yD7ULF",Wed Feb 12 07:48:48 +0000 2025,20,29,352,"['#NirmalaSitharaman', '#OPS_рд▓', '#NoNPS_NoUPS_OnlyOPS', '#ops']",https://twitter.com/Rakeshv888/status/1889582412134252674
59,рдореИрдВ рд╣реВрдБ Sanatani ЁЯЗоЁЯЗ│ ЁЯЪйЁЯЪй,"@TimesAlgebraIND Raghav Chadha was misleading about the Income Tax above 12 lakh, but Nirmala Sitharaman ji schooled him with facts...

Laanat hai @raghav_chadha ke CA degree par ЁЯШВ https://t.co/PbvmYc5pqH",Thu Feb 13 16:27:50 +0000 2025,15,63,11492,[],https://twitter.com/DesiSanatani/status/1890075418293858821
60,CBIC,"HonтАЩble Finance &amp; Corporate Affairs Minister Smt. Nirmala Sitharaman highlights Customs' role in Economic Security and Growth. 
For more please readЁЯСЗ

https://t.co/FRIgDfhrYC https://t.co/bgXdOxdu0I",Mon Feb 17 16:52:44 +0000 2025,21,68,8690,[],https://twitter.com/cbic_india/status/1891531236289458190
61,Nirmala Sitharaman Office,"People of India have made Congress get out of government. People of India have made them to get out of governance itself. 

More importantly, if you go back, Mahatma Gandhi said to the Congress Party - Get out of politics. He said you (Congress) don't need to be in politics. But https://t.co/FAlscPnlNM",Thu Feb 13 13:37:38 +0000 2025,20,58,4646,[],https://twitter.com/nsitharamanoffc/status/1890032588322164964
62,centralist,@Sudheep8531 Nirmala Sitharaman needs to go. She has single handedly destroyed our economy,Tue Feb 18 08:01:10 +0000 2025,1,2,245,[],https://twitter.com/Kannadabond/status/1891759852919124218
63,Ravi Kapur,"I don't know which planet FM Nirmala Sitharaman lives in that she doesn't know about inflation
 &amp; rise in unemployment ЁЯШВЁЯШВ

тАФ @priyankagandhi ЁЯФеЁЯФе https://t.co/LtbYAQTVAU",Thu Feb 13 03:37:51 +0000 2025,94,108,982,[],https://twitter.com/Kap57608111/status/1889881645857251536
64,Ji Li Pi - хРЙщЗМчЪо - ╪м┘К┘Д┘К╪и┘К - ╨Ф╨╢╨╕╨╗╨╕╨┐╨╕ - уВ╕уГгуГмуГУ,"#Nifty P. Chidambaram was the best Finance Minister. He was elected by the people unlike the present brilliant Nirmala Sitharaman who God knows why has managed to hold on to the post of Finance Minister by coming through the rajya sabha, totally disconnected from the masses.",Tue Feb 18 07:18:01 +0000 2025,2,2,149,['#Nifty'],https://twitter.com/Ji_Li_Pi/status/1891748991227879596
65,ET NOW,"FM Nirmala Sitharaman says, ""We support Atmanirbhar Bharat in defense and wish for Maharashtra to become a hub for defense manufacturing."" 

#AtmanirbharBharat #DefenceManufacturing #Maharashtra #FM @nsitharamanoffc @FinMinIndia https://t.co/Aophe0enTZ",Mon Feb 17 08:35:54 +0000 2025,7,11,2302,"['#AtmanirbharBharat', '#DefenceManufacturing', '#Maharashtra', '#FM']",https://twitter.com/ETNOWlive/status/1891406204011708663
66,PrayagrajSA_IA,"HonтАЩble Finance Minister of India, Smt Nirmala Sitharaman, visited the historic OD Fort in Prayagraj during #Mahakumbh2025. During her visit, she offered prayers at the sacred site and was briefed on the rich cultural, spiritual, and historical significance of the OD Fort. https://t.co/z3huF7toQU",Thu Feb 20 09:43:37 +0000 2025,5,12,171,['#Mahakumbh2025'],https://twitter.com/PrayagrajSA_IA/status/1892510411108295138
67,V Ranjha Singer ( Nirmala Sitharaman Ka Gulam ),Hahahahhaa this is Epic ЁЯдгЁЯдгЁЯдг https://t.co/s7R9pCvdIU,Mon Feb 17 07:44:06 +0000 2025,2,10,3319,[],https://twitter.com/v_ranjha/status/1891393168932807086
68,CA Bimal Jain,"ЁЯЯе The Income-Tax Bill, 2025

The FM Nirmala Sitharaman to move for leave to introduce a Bill to consolidate and amend the law relating to income-tax.

ALSO to introduce the Bill on February 13, 2025 https://t.co/8NOd1lmKvs",Wed Feb 12 15:54:30 +0000 2025,2,20,3642,[],https://twitter.com/BimalGST/status/1889704641580925013
69,Saibpal Pandit,"BIG BREAKING ЁЯЪи ЁЯЪи 

Congress leader Priyanka Gandhi criticized FM Nirmala Sitharaman's Budget reply, saying, ""I don't know which planet she is living on"",  - ЁЯШВЁЯШВ

While questioning her claims on inflation, Unemployment, and rising prices. https://t.co/h6dNeW3mQV",Tue Feb 11 14:24:22 +0000 2025,309,1378,68282,[],https://twitter.com/PanditSaibpal/status/1889319571888427021
70,Nirmala Sitharaman Office,"Shri Baijayant Panda (@PandaJay), Hon'ble MP (LS), calls on Smt @nsitharaman. https://t.co/KFXelLt7TQ",Tue Feb 18 11:21:58 +0000 2025,43,315,16370,[],https://twitter.com/nsitharamanoffc/status/1891810385906352530
71,Nirmala Sitharaman Office,"I would like the @cbic_india to draw inspiration,  standout in the interest of the nation and ensure that smuggling is not just stopped but prosecution happens and brains behind these smuggling are tracked. They have to be caught and brought to the court to face the law otherwise https://t.co/TJi86rHYLc",Mon Feb 17 12:52:31 +0000 2025,47,131,9182,[],https://twitter.com/nsitharamanoffc/status/1891470784453095828
72,Nirmala Sitharaman Office,"A big difference which has been brought about in the budget making and in the way we should handle taxpayers' money are reflected in two things: 

- Our borrowings are essentially going for building assets. 'If we borrow, we borrow to build'

- We are committed to fiscal deficit https://t.co/glSHB15lNU",Mon Feb 17 09:37:10 +0000 2025,69,238,8036,[],https://twitter.com/nsitharamanoffc/status/1891421621556294095
73,Risinghindu,"This is official position of GOIЁЯФе

Bcoz Nirmala sitharaman is Member of the Cabinet commitee of security (CCS)...",Sun Jun 25 14:13:57 +0000 2023,93,380,6565,[],https://twitter.com/rising_hindu/status/1672971395821891591
74,Nirmala Sitharaman Office,"Programme details of Smt @nsitharaman's visit to Mumbai, Maharashtra on 17 February 2025. https://t.co/NK6AGjp321",Sun Feb 16 13:33:00 +0000 2025,62,244,36189,[],https://twitter.com/nsitharamanoffc/status/1891118586208321546
75,Palak Shah,"No Changes To Long Term Capital Gains Tax !!!! 

12.5% stays !!!

New Tax Bill

#NirmalaSitharaman",Wed Feb 12 16:25:56 +0000 2025,1,9,1035,['#NirmalaSitharaman'],https://twitter.com/palakshahjourno/status/1889712551434293467
76,Polimer News,"родро┐.роорпБ.роХ. роОроорпН.рокро┐.роХрпНроХро│рпЗ роЙроЩрпНроХро│рпБроХрпНроХрпБ родро╛ройрпН рокродро┐ро▓рпН роЪрпКро▓рпНроХро┐ро▒рпЗройрпН.. роЕроорпИродро┐ропро╛ роЙроЯрпНроХро╛ро░рпНроирпНродрпБ роХрпЗро│рпБроЩрпНроХ.. роОрокрпНрокрпЛ рокро╛ро░рпБ роорпЛроЯро┐ роорпЛроЯро┐ройрпБ роЪрпКро▓рпНро▒рпАроЩрпНроХ.. роиро╛роЯро╛ро│рпБрооройрпНро▒родрпНродро┐ро▓рпН родро┐роЯрпАро░рпЖрой роХро░рпНроЬро┐родрпНрод роиро┐ро░рпНрооро▓ро╛ роЪрпАродро╛ро░ро╛рооройрпН..

#Delhi | #Parliament | #NirmalaSitharaman | #DMK | #TiruchiSiva | #PolimerNews https://t.co/4xlMim19Tg",Thu Feb 13 16:28:02 +0000 2025,1174,5784,232821,"['#Delhi', '#Parliament', '#NirmalaSitharaman', '#DMK', '#TiruchiSiva', '#PolimerNews']",https://twitter.com/polimernews/status/1890075467836977193
77,V Ranjha Singer ( Nirmala Sitharaman Ka Gulam ),New Expiry Soon ЁЯЩИЁЯЩИЁЯЩИЁЯЩИ https://t.co/D1sA6jjU39,Thu Feb 13 03:13:15 +0000 2025,2,7,780,[],https://twitter.com/v_ranjha/status/1889875455723053064
78,The Hindu,"Samajwadi Party member Jaya Bachchan has urged Finance Minister Nirmala Sitharaman to have ""mercy"" on the film industry and come up with some proposals to help it survive.

#jayabachchan #nirmalasitharaman #entertainmentindustry https://t.co/xZVwfOp5Vy",Wed Feb 12 06:32:10 +0000 2025,9,59,10388,"['#jayabachchan', '#nirmalasitharaman', '#entertainmentindustry']",https://twitter.com/the_hindu/status/1889563125755551789
79,Nirmala Sitharaman Office,"No cut has been made in the capital expenditure allocation in this Union Budget.

тАв For FY 2025-26, Total Effective Capital Expenditure is proposed to be тВ╣ 15.48 lakh crore, which is 4.3% of the GDP.

тАв CentreтАЩs core capital expenditure for FY 2025-26 is proposed to be Rs https://t.co/9rvXgGXCwx",Thu Feb 13 13:23:58 +0000 2025,33,81,5237,[],https://twitter.com/nsitharamanoffc/status/1890029148598677889
80,SansadTV,"#BudgetSession2025 

FM Nirmala Sitharaman introduces The Income-Tax Bill, 2025 in Lok Sabha

@nsitharaman @FinMinIndia @ombirlakota @LokSabhaSectt https://t.co/Ic6CMKZptX",Thu Feb 13 08:58:41 +0000 2025,22,42,6122,['#BudgetSession2025'],https://twitter.com/sansad_tv/status/1889962384946794799
81,Tamil Janam,"ро╡рпЗро▓рпИро╡ро╛ропрпНрокрпНрокро┐ройрпНроорпИ роХрпБро▒рпИроирпНродродрпБ

#NirmalaSitharaman #Parliament #NewsUpdate 
#tamiljanam https://t.co/bNRZDeo133",Wed Feb 12 05:50:30 +0000 2025,5,16,313,"['#NirmalaSitharaman', '#Parliament', '#NewsUpdate', '#tamiljanam']",https://twitter.com/TamilJanamNews/status/1889552640565993583
82,Nirmala Sitharaman Office,"One of the major steps for the film industry which our Government is taking is WAVES 2025. India will host the first тАШWorld Audio Visual Entertainment SummitтАЩ (WAVES) in Mumbai from 1st-4th May 2025, which will bring together Media CEOs, entertainment icons and creative minds",Thu Feb 13 14:17:04 +0000 2025,110,377,14232,[],https://twitter.com/nsitharamanoffc/status/1890042509860143298
83,Dr. Mukul Agrawal,"FIIs and FPIs may come and go; retail investors take care of markets:- says FM. ЁЯЗоЁЯЗ│ 

Nirmala Sitharaman рдХрд╛ рдкреБрд░рд╛рдирд╛ рд╡реАрдбрд┐рдпреЛ рд╣реЛ рд░рд╣рд╛ рд╣реИ viral!

рдЖрдкрдХреЛ рдХреНрдпрд╛ рд▓рдЧрддрд╛ рд╣реИ, рдХреНрдпрд╛ рдпреЗ рд╕рд╣реА рд╣реИ?

#StockMarket #FIIs #DIIs #RetailInvestors https://t.co/yLsHT9iAse",Sat Feb 15 08:59:32 +0000 2025,15,110,10075,"['#StockMarket', '#FIIs', '#DIIs', '#RetailInvestors']",https://twitter.com/themukulagrawal/status/1890687378626416975
84,Tamil Kelvi,#NirmalaSitharaman #trichysiva #Parliament #dmk #bjp #jallikattu #congress #tamilnadu https://t.co/4x7LsXg6FJ,Sat Feb 15 07:13:41 +0000 2025,6,9,195,"['#NirmalaSitharaman', '#trichysiva', '#Parliament', '#dmk', '#bjp', '#jallikattu', '#congress', '#tamilnadu']",https://twitter.com/TamilKelvi/status/1890660736906547508
85,Rachit SethЁЯЗоЁЯЗ│,"LoP @kharge ji : JPC Waqf Amendment Report does not have the Dissent Notes by Oppo therefore the Report cannot be tabled without Dissent Notes. 

Parl Affair Minister: No we have Dissent Notes in Appendix

FM Nirmala Sitharaman: Opposition is misleading the House, Report has",Thu Feb 13 10:04:05 +0000 2025,5,6,383,[],https://twitter.com/rachitseth/status/1889978846579224853
86,News24,"""рдореБрдЭреЗ рдирд╣реАрдВ рдкрддрд╛ рдХрд┐ рд╡рд┐рддреНрдд рдордВрддреНрд░реА рдирд┐рд░реНрдорд▓рд╛ рд╕реАрддрд╛рд░рдордг рдХрд┐рд╕ рдЧреНрд░рд╣ рдореЗрдВ рд░рд╣ рд░рд╣реАрдВ рд╣реИрдВ""

тЧЖ рдкреНрд░рд┐рдпрдВрдХрд╛ рдЧрд╛рдВрдзреА рдиреЗ рдХрд╣рд╛ 

@priyankagandhi | #NirmalaSitharaman | Food Inflation | Nirmala Sitharaman | Priyanka Gandhi https://t.co/FLBmEBUwah",Wed Feb 12 03:34:07 +0000 2025,750,3112,40452,['#NirmalaSitharaman'],https://twitter.com/news24tvchannel/status/1889518320941924723
87,рдореИрдВ рд╣реВрдБ Sanatani ЁЯЗоЁЯЗ│ ЁЯЪйЁЯЪй,"@TimesAlgebraIND Raghav Chadha was misleading about the Income Tax above 12 lakh, but Nirmala Sitharaman ji schooled him with facts...

Laanat hai @raghav_chadha ke CA degree par ЁЯШВ https://t.co/PbvmYc5pqH",Thu Feb 13 16:29:41 +0000 2025,37,170,10574,[],https://twitter.com/DesiSanatani/status/1890075884654325797
88,News24,"""рдХрд╛рдВрдЧреНрд░реЗрд╕ рд╕рд░рдХрд╛рд░ рдХреЗ рджреМрд░рд╛рди рджреВрд╕рд░реЗ рдХрд╛рд░реНрдпрдХрд╛рд▓ рдореЗрдВ рдЦрд╛рджреНрдп рдорд╣рдВрдЧрд╛рдИ рджрд░ 11% рдереА, рд╣рдорд╛рд░реЗ рджреМрд░рд╛рди.....""

тЧЖ рдХреЗрдВрджреНрд░реАрдп рд╡рд┐рддреНрдд рдордВрддреНрд░реА рдирд┐рд░реНрдорд▓рд╛ рд╕реАрддрд╛рд░рдордг рдиреЗ рдХрд╣рд╛ 

@nsitharaman | #NirmalaSitharaman | Food Inflation | Nirmala Sitharaman https://t.co/winx5qmJDX",Wed Feb 12 03:31:24 +0000 2025,39,217,17839,['#NirmalaSitharaman'],https://twitter.com/news24tvchannel/status/1889517634162708782
89,All India Trinamool Congress,"FM @NirmalaSitharaman is trampling on federalism!

Smt. @MamataOfficial strongly condemned the Union Finance Minister for withholding BengalтАЩs rightful dues and depriving the stateтАЩs people under the Ujjwala Yojana.

From blocking funds to ignoring BengalтАЩs needs, the CentreтАЩs https://t.co/zMofClK3SE",Wed Feb 12 15:24:18 +0000 2025,158,269,20588,[],https://twitter.com/AITCofficial/status/1889697044438327738
90,Nadir Cazi,"What she didn't mention:
  Foreign investors are willing to exit at lower levels

Chalo, at least the FIIs are booking profits.
If you have accrued a loss, you must be an idiot.
That is what she implies 

Lolz. Very satisfying 

https://t.co/v7au1PZnfB",Tue Feb 18 04:36:18 +0000 2025,1,4,115,[],https://twitter.com/nadircazi/status/1891708296035213713
91,Narayanan Papanasam,"роиро┐ро░рпНрооро▓ро╛ роЪрпАродро╛ро░ро╛рооройрпН рокро▒рпНро▒ро┐  роЙроЩрпНроХро│рпН роХро░рпБродрпНродрпБ роОройрпНрой?

#NirmalaSitharaman https://t.co/h1XgNPUenb",Sat Feb 15 03:38:13 +0000 2025,2,12,114,['#NirmalaSitharaman'],https://twitter.com/NPapanasam/status/1890606515205103920
92,Nirmala Sitharaman Office,"The Union Budget for 2025-26 rolls out a futuristic path for transforming India into #ViksitBharat by 2047. 

Our main goals in this budget are:

a) To accelerate growth
b) Secure inclusive development
c) Invigorate private sector investments
d) Uplift household sentiments; and https://t.co/4oC7uYeyEX",Tue Feb 11 15:05:27 +0000 2025,46,131,6854,['#ViksitBharat'],https://twitter.com/nsitharamanoffc/status/1889329909455278393
93,Modi Lies,"рдХреНрдпреЛрдВ рдбреВрдм рдЧрдпрд╛ рднрд╛рд░рдд рдХрд╛ рдордзреНрдпрдо рд╡рд░реНрдЧ ? 

#MiddleClass #BJP #Loot #Inflation #Tax #GST #Scam #Corruption #NirmalaSitharaman #Media #Press https://t.co/jgC4fifaRN",Thu Feb 13 04:25:14 +0000 2025,4,7,224,"['#MiddleClass', '#BJP', '#Loot', '#Inflation', '#Tax', '#GST', '#Scam', '#Corruption', '#NirmalaSitharaman', '#Media', '#Press']",https://twitter.com/ModiLiess/status/1889893568975966706
94,Rohitash Mahur Lodheshwar,"рдЖрдЯреЛ рд░рд┐рдХреНрд╢рд╛ рд╡рд╛рд▓реЗ рднреИрдпрд╛ рдЬреА рдХреЛ рджрд┐рд▓ рд╕реЗ рд╕реИрд▓реНрдпреВрдЯ :  10-рдорд╣реАрдиреЗ рдХреЗ рдмреЗрдЯреЗ рдХреЛ рд╕рд╛рде рд▓реЗрдХрд░ рдкрд┐рддрд╛ рдЪрд▓рд╛ рд░рд╣реЗ рдСрдЯреЛ: 4 рдорд╣реАрдиреЗ рдХрд╛ рдерд╛ рддрдм рдорд╛рдВ рдХреА рдореМрдд; рд▓реЛрдЧ рдХрд╣рддреЗ рдереЗ-рдирд╣реАрдВ рд╕рдВрднрд╛рд▓ рдкрд╛рдУрдЧреЗ, рджреВрд╕рд░реА рд╢рд╛рджреА рдХрд░ рд▓реЛ @chandan_stp
#Rajasthan #News #earthquake
#NirmalaSitharaman #DeepSeekR1 #stockmarketsindia  #ThalapathyVijay https://t.co/ufjf60eF5k",Sat Feb 15 10:57:18 +0000 2025,4,18,2097,"['#Rajasthan', '#News', '#earthquake', '#NirmalaSitharaman', '#DeepSeekR1', '#stockmarketsindia', '#ThalapathyVijay']",https://twitter.com/MahurRohitash/status/1890717011522605186
95,Nirmala Sitharaman Office,"Jaya Ji has alleged that the Film Industry hasn't been supported by the government. However, she will well remember Hon'ble MP (LS) Smt Kangana Ranaut (@KanganaTeam). 

The MVA Govt, her alliance partner, in September 2020 in Mumbai, intimidated Ms. Ranaut &amp; in a notice of 24 https://t.co/xQRofiXeyd",Thu Feb 13 14:12:55 +0000 2025,2452,8389,293210,[],https://twitter.com/nsitharamanoffc/status/1890041468045426846
96,Ravinder Kapur.,"I don't know which planet FM Nirmala Sitharaman lives in that she doesn't know about inflation
 &amp; rise in unemployment ЁЯШВЁЯШВ

тАФ @priyankagandhi ЁЯФеЁЯФе https://t.co/HkGfM777uI",Wed Feb 12 02:41:20 +0000 2025,150,202,1402,[],https://twitter.com/RavinderKapur2/status/1889505035161133152
97,Nirmala Sitharaman Office,"CBIC should lead the way to show the World Customs Organisation (WCO) that we are on the top, both in terms of performance and also in the ways we are futuristic to make sure the global customs ecosystem can learn from us. I look up to @cbic_india to give that kind of leadership https://t.co/0StHvTLvwB",Mon Feb 17 12:53:36 +0000 2025,39,114,8883,[],https://twitter.com/nsitharamanoffc/status/1891471056248193532
98,Nirmala Sitharaman Office,"These Awards are recognition for people who are actually at the front, at the border areas. You're not allowing illegal things to come in and preventing it to enter into the hinterland and therefore the contribution made by you all is unmatched.

These awards should be seen with https://t.co/t7mbYkwxiK",Mon Feb 17 14:00:22 +0000 2025,82,267,15749,[],https://twitter.com/nsitharamanoffc/status/1891487860534202534
99,youturn,Who Is Funding Chennai Metro Phase II? | Nirmala Sitharaman | Rangaraj Pandey | Youturn https://t.co/NDz1XOa62r,Thu Feb 13 12:38:27 +0000 2025,260,421,7738,[],https://twitter.com/youturn_in/status/1890017692150821323
100,MR.Anil,"рокро╛ро░ро╛ро│рпБрооройрпНро▒родрпНродро┐ро▓рпН родро┐роорпБроХ роОроорпНрокро┐роХрпНроХро│рпН ""ро╡ро┐ро▓рпНроЪройрпН"" рооро▒рпНро▒рпБроорпН ""роЕрокрпНродрпБро▓рпНро▓ро╛""ро╡рпИ роУроЯ роУроЯ ро╡ро┐ро░роЯрпНроЯро┐ роЕроЯро┐родрпНрод роородрпНродро┐роп роиро┐родро┐ роЕроорпИроЪрпНроЪро░рпН родро┐ро░рпБроородро┐. роиро┐ро░рпНрооро▓ро╛ роЪрпАродро╛ро░ро╛рооройрпН роЕро╡ро░рпНроХро│рпНЁЯФеЁЯТе

#NirmalaSitharaman https://t.co/ZSkfkZXJqz",Thu Feb 13 14:51:54 +0000 2025,132,417,3273,['#NirmalaSitharaman'],https://twitter.com/Saffron_Anil_/status/1890051275045380290
101,Saibpal Pandit,"BIG BREAKING ЁЯЪи ЁЯЪи 

INDIA bloc MPs walk out of Rajya Sabha during the FM Nirmala Sitharaman's Budget reply. 

Congress MP Renuka Chowdhury accused government of making false promises. 

тАФ Renuka Chowdhury ЁЯФеЁЯФе https://t.co/DPLQ8TFHrZ",Thu Feb 13 13:10:27 +0000 2025,8,52,917,[],https://twitter.com/PanditSaibpal/status/1890025746963501318
102,Neerthirai,"AITC MP @MahuaMoitra roasted FM Nirmala Sitharaman at Chennai Loyola College   

Full Speech : https://t.co/fR5VK0G6JK 

#MahuaMoitra #NirmalaSitharaman #education #ugc https://t.co/ZwZPDwl4Po",Thu Feb 20 13:32:36 +0000 2025,0,1,29,"['#MahuaMoitra', '#NirmalaSitharaman', '#education', '#ugc']",https://twitter.com/Neerthiraitv/status/1892568036424532332
103,World of Facts,"@TimesAlgebraIND Earlier Raghav Chadha misleaded about the Income Tax above 12 lakh, but Nirmala Sitharaman ji schooled him with facts...

Laanat hai raghav chadha ke CA degree par ЁЯШВ https://t.co/mXjIG3iHDW",Thu Feb 13 14:47:59 +0000 2025,13,97,17350,[],https://twitter.com/factostats/status/1890050292609425855
104,Business Today,"The Income Tax Bill 2025, set to be introduced this week, proposes no changes on

#BusinessToday #IncomeTaxBill #TaxBill #NirmalaSitharaman #TaxReforms #FinanceBill 

@tweettokarishma https://t.co/RX0SYzumml",Wed Feb 12 08:20:03 +0000 2025,1,3,1927,"['#BusinessToday', '#IncomeTaxBill', '#TaxBill', '#NirmalaSitharaman', '#TaxReforms', '#FinanceBill']",https://twitter.com/business_today/status/1889590278526579190
105,Nirmala Sitharaman Office,"Smt @MayaNaroliya, Hon'ble MP (RS), called on Smt @nsitharaman at Parliament House. https://t.co/Jt3MY70pIf",Thu Feb 13 14:36:46 +0000 2025,25,118,7159,[],https://twitter.com/nsitharamanoffc/status/1890047469117214883
106,India Nrj DixitЁЯТО,"#MutualFunds #CapitalGainTax

#TaxTerrorism 

#DSPMutualFunds now convincing retailers.

Bhai better hai ki ye concern #NirmalaSitharaman ko bolo

Ask her to reduce Capital gain taxes.
Why should retailers suffer..

Altough Buying #SIP in down market is always profitable ЁЯША https://t.co/UlAtpjFh42",Sat Feb 15 08:49:02 +0000 2025,0,2,247,"['#MutualFunds', '#CapitalGainTax', '#TaxTerrorism', '#DSPMutualFunds', '#NirmalaSitharaman', '#SIP']",https://twitter.com/VICKYNRJ/status/1890684734210023624
107,Dhananjay Shinde INDIA ЁЯЗоЁЯЗ│,"To,
Mrs. Nirmala Sitharaman
HonтАЩble Finance Minister
Government of India ЁЯЗоЁЯЗ│

Subject: Collapse of New India Cooperative Bank тАУ Urgent Concerns of Depositors in Maharashtra &amp; Gujarat state.

Respected Madam,

Greetings!

I hope you are doing well.

I write to bring to your urgent https://t.co/4mgFoiiXvs",Wed Feb 19 07:54:46 +0000 2025,3,3,356,[],https://twitter.com/Dhananjay_AAP/status/1892120630755197163
108,Nirmala Sitharaman Office,"Shri Mahesh Chandra Sharma, former MP (RS), calls on Smt @nsitharaman. https://t.co/FQdTgHSezH",Fri Feb 14 12:50:57 +0000 2025,13,68,7848,[],https://twitter.com/nsitharamanoffc/status/1890383226998227106
109,Surendra Tripathi,FM Nirmala Sitharaman told the Rajya Sabha that the Budget focuses on accelerating growth and encouraging private investment while maintaining fiscal prudence and boosting infrastructure.,Thu Feb 13 11:01:58 +0000 2025,0,7,94,[],https://twitter.com/stripathi56/status/1889993411601797384
110,Dinakaran,"2025 ро╡ро░рпБрооро╛рой ро╡ро░ро┐ роЪроЯрпНроЯ роороЪрпЛродро╛ро╡рпИ роороХрпНроХро│ро╡рпИропро┐ро▓рпН родро╛роХрпНроХро▓рпН роЪрпЖропрпНродро╛ро░рпН роТройрпНро▒ро┐роп роиро┐родро┐ропроорпИроЪрпНроЪро░рпН роиро┐ро░рпНрооро▓ро╛ роЪрпАродро╛ро░ро╛рооройрпН

#NirmalaSitharaman #DinakaranNews https://t.co/L5nqvxzqoi",Thu Feb 13 09:06:25 +0000 2025,0,3,638,"['#NirmalaSitharaman', '#DinakaranNews']",https://twitter.com/DinakaranNews/status/1889964333461012885
111,Abhishek,"This is a VERY important data point that every Indian should know ... but BJP has failed to publicize it

Average rate of tax:

Before GST: 15.8%

After GST: 11.3%

Idea that GST increased taxes is total nonsense

Good that Nirmala Sitharaman said it loudly https://t.co/QQVxwoodI5",Wed Feb 12 02:21:04 +0000 2025,3136,9842,347442,[],https://twitter.com/AbhishBanerj/status/1889499933855916493
112,Sumit Behal,"Why market is falling?

Nirmala Sitharaman: https://t.co/ahkjCOwBlZ",Tue Feb 18 04:41:12 +0000 2025,40,598,46028,[],https://twitter.com/sumitkbehal/status/1891709526715383916
113,ET Hindi,"рд╡рд┐рддреНрддрдордВрддреНрд░реА рдиреЗ рдмрддрд╛рдпрд╛ рдЗрд╕рд▓рд┐рдП рд╢реЗрдпрд░ рдорд╛рд░реНрдХреЗрдЯ рдореЗрдВ рдЖ рд░рд╣реА рд╣реИ рдЧрд┐рд░рд╛рд╡рдЯ, рдПрдлрдЖрдИрдЖрдИ рдкрд░ рднреА рджрд┐рдпрд╛ рдмрдпрд╛рди
https://t.co/RcfXH8wKPi",Mon Feb 17 16:02:43 +0000 2025,1,4,80,[],https://twitter.com/ETMarketsHindi/status/1891518650818891791
114,TIMES NOW,"Politics erupted over FM Sitharaman's speech in LS 

Under UPA retain inflation was more than 9%: FM Nirmala Sitharaman took a jibe at the Congress govt

@prathibhatweets with more details. https://t.co/uWNuxDPSQR",Wed Feb 12 03:13:18 +0000 2025,0,5,2037,[],https://twitter.com/TimesNow/status/1889513082189123882
115,IANS,"Mumbai, Maharashtra: Union Finance Minister Nirmala Sitharaman addresses a press conference after a post-Budget interaction with industry stakeholders says, ""A term loan will be provided, which has never been offered to MSMEs before. Previously, they used to receive, and continue https://t.co/uuOkvu4fij",Mon Feb 17 08:03:22 +0000 2025,4,11,2467,[],https://twitter.com/ians_india/status/1891398018278322600
116,Zia ul Haque,"ЁЯЪи Nirmala Sitharaman Tables Income Tax Bill in Lok Sabha

#NirmalaSitharaman #IncomeTaxBill 

https://t.co/S2N5j6xKK1",Thu Feb 13 09:23:22 +0000 2025,30,87,6900,"['#NirmalaSitharaman', '#IncomeTaxBill']",https://twitter.com/ImZiaulHaque/status/1889968597193441307
117,Sushil Pathiyar,"So she did say this!!! ЁЯд╖ЁЯП╝тАНтЩВя╕П

https://t.co/t8b9tNO0Ir https://t.co/hnwBuqR1Td",Tue Feb 18 06:05:17 +0000 2025,0,9,3905,[],https://twitter.com/sushilpathiyar/status/1891730688757411938
118,Dr. Vineet Kumar Rai,"@narendramodi @nsitharaman FM Nirmala Sitharaman is strengthening India's economic resilience, growth trajectory, and reforms. She is able to provide stability, improve investment, job creation, and provide a visionary roadmap for a self-reliant future.",Sat Feb 15 10:01:32 +0000 2025,1,4,284,[],https://twitter.com/vineetvinny27/status/1890702980745175356
119,Molitics,"- рджрд▓рд┐рддреЛрдВ рдФрд░ рдЖрджрд┐рд╡рд╛рд╕рд┐рдпреЛрдВ рдХреЛ рдЙрдирдХреА рд╕рдВрдЦреНрдпрд╛ рдХреЗ рд╣рд┐рд╕рд╛рдм рд╕реЗ рдмрдЬрдЯ рдореЗрдВ рдирд╣реАрдВ рдорд┐рд▓ рд░рд╣рд╛ рд╣реИ рд╣рдХред

- рдХреЗрдВрджреНрд░реАрдп рдмрдЬрдЯ рдореЗрдВ рджрд▓рд┐рддреЛрдВ рдХреЗ рд▓рд┐рдП рдорд╣рдЬ 3.4 рдлрд┐рд╕рджреА рдХрд╛ рдЖрд╡рдВрдЯрдиред

- рдХрдо рдзрдирд░рд╛рд╢рд┐ рдХреЗ рдмрд╛рдж рднреА рдирд╣реА рд╣реЛ рд░рд╣рд╛ рдкреВрд░реЗ рдмрдЬрдЯ рдХрд╛ рдЗрд╕реНрддреЗрдорд╛рд▓ред
 #Budget2025 #NirmalaSitharaman #scstcommunity
@hemannt_yadava https://t.co/LUUFEhvLF2",Wed Feb 12 08:06:52 +0000 2025,3,6,435,"['#Budget2025', '#NirmalaSitharaman', '#scstcommunity']",https://twitter.com/moliticsindia/status/1889586959275712594
