Tweet_Count,UserName,Text,Created_At,Retweets,Likes,View_Count,HashTags,Tweet_Link,Sentiment
1,Abir Hasan,ğ€ğ¥ğ¥ ğğšğ¢ğ ğ‚ğ¨ğ®ğ«ğ¬ğğ¬ ğ…ğ«ğğ ğŸğ¨ğ« ğ…ğ¢ğ«ğ¬ğ­ ğŸ“ğŸğŸğŸ ğğğ¨ğ©ğ¥ğ 1 Artificial Intelligence 2 Machine Learning 3 Ethical Hacking 4 Data Analytics 5 AWS Certified 6 Data Science 7 Python To get it just 1 Like amp RT 2 Reply SEND 3 Follow MUST,Sat Feb 15 03:51:36 +0000 2025,85,127,12569.0,[],https://twitter.com/abir_hasan4736/status/1890609884556853544,Positive
2,Aman Kharwal,MachineLearning is nothing but the use of data and algorithms to build intelligent systems If you are new to Machine Learning here are some Machine Learning projects with Python you should try Link Data DataScience machinelearning python,Fri Jun 16 17:13:11 +0000 2023,187,617,107672.0,"['#MachineLearning', '#Data', '#DataScience', '#machinelearning', '#python']",https://twitter.com/amankk_9/status/1669755010777767942,Positive
3,Swapna Kumar Panda,9 FREE Books from MIT for Absolute Beginners Artificial Intelligence AI Machine Learning ML Deep Learning DL Reinforcement Learning RL,Fri Feb 14 13:14:27 +0000 2025,454,2758,221280.0,[],https://twitter.com/swapnakpanda/status/1890389139914203164,Positive
4,Python Programming,Machine Learning AI Road map ai machinelearning,Sat Feb 08 04:03:00 +0000 2025,102,767,49454.0,"['#ai', '#machinelearning']",https://twitter.com/PythonPr/status/1888076036006613389,Neutral
5,Dan | Machine Learning Engineer,Understand Machine Learning,Sat Feb 15 09:07:00 +0000 2025,16,122,7150.0,[],https://twitter.com/DanKornas/status/1890689255044776126,Neutral
6,Python Developer,Python vs Java java python programming developer programmer coding coder softwaredeveloper computerscience webdev webdeveloper webdevelopment pythonprogramming pythonquiz ai ml machinelearning datascience,Mon Feb 10 17:03:00 +0000 2025,106,525,31862.0,"['#java', '#python', '#programming', '#developer', '#programmer', '#coding', '#coder', '#softwaredeveloper', '#computerscience', '#webdev', '#webdeveloper', '#webdevelopment', '#pythonprogramming', '#pythonquiz', '#ai', '#ml', '#machinelearning', '#datascience']",https://twitter.com/Python_Dv/status/1888997105395785867,Neutral
7,BlenderHub,The Best FREE AI Motion Capture Tools in 2025 Cascadeur Create Animations based on realworld physics aided by machinelearningbased tools b3d geometrynode proceduralart 3dart blenderè³ª 3d 3Danimation geonodes B3D Blender,Sat Feb 15 09:38:13 +0000 2025,21,116,3235.0,"['#b3d', '#geometrynode', '#proceduralart', '#3dart', '#blenderè³ª', '#3d', '#3Danimation', '#geonodes', '#B3D', '#Blender']",https://twitter.com/BlenderHub7/status/1890697113001967908,Positive
8,Python Programming,10 Machine Learning Algorithms for Beginners,Wed Feb 12 15:56:00 +0000 2025,122,725,32664.0,[],https://twitter.com/PythonPr/status/1889705020750245942,Neutral
9,Python Developer,Roadmap to Learn Data Science python datascience machinelearning deeplearning ai artificialintelligence programming developer softwaredeveloper computerscience calculus linearalgebra algebra maths mathematics,Thu Feb 13 20:16:00 +0000 2025,31,155,11167.0,"['#python', '#datascience', '#machinelearning', '#deeplearning', '#ai', '#artificialintelligence', '#programming', '#developer', '#softwaredeveloper', '#computerscience', '#calculus', '#linearalgebra', '#algebra', '#maths', '#mathematics']",https://twitter.com/Python_Dv/status/1890132838617608578,Neutral
10,Python Developer,Machine Learning Algorithms dsa datastructures algorithms python programming developer programmer coding coder softwaredeveloper computerscience webdev webdeveloper webdevelopment pythonprogramming pythonquiz ai ml machinelearning,Fri Feb 14 05:01:00 +0000 2025,18,105,7585.0,"['#dsa', '#datastructures', '#algorithms', '#python', '#programming', '#developer', '#programmer', '#coding', '#coder', '#softwaredeveloper', '#computerscience', '#webdev', '#webdeveloper', '#webdevelopment', '#pythonprogramming', '#pythonquiz', '#ai', '#ml', '#machinelearning']",https://twitter.com/Python_Dv/status/1890264959499530509,Neutral
11,tut_ml,Best ML Tutorials MachineLearning DeepLearning BigData Datascience ML HealthTech DataVisualization ArtificialInteligence SoftwareEngineering GenAI deeplearning ChatGPT OpenAI python AI keras SQL,Mon Feb 10 10:38:38 +0000 2025,47,240,16194.0,"['#MachineLearning', '#DeepLearning', '#BigData', '#Datascience', '#ML', '#HealthTech', '#DataVisualization', '#ArtificialInteligence', '#SoftwareEngineering', '#GenAI', '#deeplearning', '#ChatGPT', '#OpenAI', '#python', '#AI', '#keras', '#SQL']",https://twitter.com/tut_ml/status/1888900378348900822,Positive
12,LuxAlgo,Machine learning isnt the FUTURE of trading Because Its already here Forecasting trends to clustering market patterns Here are some free MLbased indicators you need in your toolkit The last one is a gamechanging,Fri Feb 14 19:00:42 +0000 2025,61,538,87090.0,[],https://twitter.com/LuxAlgo/status/1890476277414375610,Positive
13,CODIFY AI,All Free Courses On Google Drive Data Analytics Data Science MBA Python BIG DATA AWS Certified Ethical Hacking Cloud Computing Machine Learning Artificial Intelligence To get 1 LIKE amp RETWEET 2 Comment AI 3 Follow me So i can DM you,Thu Feb 13 15:59:19 +0000 2025,39,87,6676.0,[],https://twitter.com/this_is_codify/status/1890068241437106453,Positive
14,Kirk Borne,Infographic from How Artificial Intelligence Works AI DataScience DataScientist ML MachineLearning,Sat Feb 08 17:41:56 +0000 2025,9,28,6512.0,"['#Infographic', '#AI', '#DataScience', '#DataScientist', '#ML', '#MachineLearning']",https://twitter.com/KirkDBorne/status/1888282128879657378,Positive
15,Full Stack Developer,Ø§Ø´Ù‡Ø± Ø®ÙˆØ§Ø±Ø²Ù…ÙŠØ§Øª Machine Learning,Fri Feb 14 08:02:32 +0000 2025,13,164,11801.0,[],https://twitter.com/hamedesam_dev/status/1890310645528117487,Neutral
16,Math Cafe,Mathematical Foundations of Machine Learning PDF,Mon Feb 10 23:12:16 +0000 2025,97,575,26740.0,[],https://twitter.com/Riazi_Cafe_en/status/1889090032679661686,Neutral
17,Mohit Mishra,Machine Learning in C,Fri Feb 07 17:53:14 +0000 2025,73,736,27458.0,[],https://twitter.com/chessMan786/status/1887922585507340469,Neutral
18,Ronald van Loon,Stealth Submarine Can Pull 180Degree Turns at Full Speed by Robotics AI ArtificialIntelligence MachineLearning RPA ML MI cc,Sat Feb 15 14:11:12 +0000 2025,1,4,155.0,"['#Robotics', '#AI', '#ArtificialIntelligence', '#MachineLearning', '#RPA', '#ML', '#MI']",https://twitter.com/Ronald_vanLoon/status/1890765809208762421,Negative
19,Python Programming,Machine Learning Classification Algorithms,Tue Feb 11 15:49:57 +0000 2025,64,455,19088.0,[],https://twitter.com/PythonPr/status/1889341110901989767,Neutral
20,Dr. Khulood Almani | Ø¯.Ø®Ù„ÙˆØ¯ Ø§Ù„Ù…Ø§Ù†Ø¹,How Does MachineLearning Work Secrets of smart machines Here Is How It Works 1 Collects the data 2 Prepares the data 3 Chooses an algorithm 4 Trains the model 5 Tests the model 6 Adjusts the model 7 Makes predictions and decisions 8,Sat Dec 14 12:48:58 +0000 2024,76,230,64219.0,"['#MachineLearning', '#data']",https://twitter.com/Khulood_Almani/status/1867914678136881525,Positive
21,kalomaze,This image is a pretty good litmus test for Machine Learning do you regard the red line as preferable or unpreferable,Sat Feb 15 06:16:38 +0000 2025,0,16,1179.0,[],https://twitter.com/kalomaze/status/1890646382492401727,Positive
22,Swapna Kumar Panda,Machine Learning using Python This 366 pages text book for engineering students is now FREE,Sun Feb 09 18:39:10 +0000 2025,328,2174,156740.0,[],https://twitter.com/swapnakpanda/status/1888658918446133467,Positive
23,Jean de Nyandwi,Machine Learning is a new programming paradigm In normal programming weve to clearly tell machines what to do In ML its different We give machine what we want results along with data that contain it and the role of machine is to find pattern rules linking these two,Tue Aug 10 15:26:30 +0000 2021,56,296,,[],https://twitter.com/Jeande_d/status/1425116353422368775,Positive
24,Victor,This Machine Learning playlist has nice animations to understand the concepts,Wed Feb 12 17:16:50 +0000 2025,125,953,40915.0,[],https://twitter.com/victor_explore/status/1889725363582017764,Positive
25,Mr. Tariq,Here are 9 FREE books from MIT for absolute beginners 1 Artificial Intelligence AI 2 Machine Learning ML 3 Deep Learning DL 4 Reinforcement Learning RL,Sat Feb 15 08:29:11 +0000 2025,0,3,45.0,[],https://twitter.com/MrTariq_/status/1890679737426559354,Positive
26,Dr. Ganapathi Pulipaka ğŸ‡ºğŸ‡¸,Free Machine Learning eBooks BigData Analytics DataScience IoT IIoT PyTorch Python RStats TensorFlow Java JavaScript ReactJS GoLang CloudComputing Serverless DataScientist Linux Books Programming Coding 100DaysofCode,Sat Feb 15 05:42:19 +0000 2025,4,9,411.0,"['#BigData', '#Analytics', '#DataScience', '#IoT', '#IIoT', '#PyTorch', '#Python', '#RStats', '#TensorFlow', '#Java', '#JavaScript', '#ReactJS', '#GoLang', '#CloudComputing', '#Serverless', '#DataScientist', '#Linux', '#Books', '#Programming', '#Coding', '#100DaysofCode']",https://twitter.com/gp_pulipaka/status/1890637744331731291,Positive
27,Python Developer,Comment your answer python programming developer programmer coding coder softwaredeveloper computerscience webdev webdeveloper webdevelopment pythonprogramming pythonquiz ai ml machinelearning datascience,Sat Feb 08 23:15:00 +0000 2025,11,111,18457.0,"['#python', '#programming', '#developer', '#programmer', '#coding', '#coder', '#softwaredeveloper', '#computerscience', '#webdev', '#webdeveloper', '#webdevelopment', '#pythonprogramming', '#pythonquiz', '#ai', '#ml', '#machinelearning', '#datascience']",https://twitter.com/Python_Dv/status/1888365946290708649,Neutral
28,Victor,A nice playlist to build Machine learning models using TensorFlow,Thu Feb 13 16:02:11 +0000 2025,59,430,15165.0,[],https://twitter.com/victor_explore/status/1890068964191223957,Positive
29,Python Developer,Types of Operators in Python python programming developer programmer coding coder softwaredeveloper computerscience webdev webdeveloper webdevelopment pythonprogramming pythonquiz ai ml machinelearning datascience,Sat Feb 15 06:07:00 +0000 2025,18,106,4263.0,"['#python', '#programming', '#developer', '#programmer', '#coding', '#coder', '#softwaredeveloper', '#computerscience', '#webdev', '#webdeveloper', '#webdevelopment', '#pythonprogramming', '#pythonquiz', '#ai', '#ml', '#machinelearning', '#datascience']",https://twitter.com/Python_Dv/status/1890643956779687998,Neutral
30,Ryan Els,Machine Learning be like,Wed Feb 12 06:01:41 +0000 2025,112,851,31156.0,[],https://twitter.com/RyanEls4/status/1889555454654586936,Positive
31,Carlos Creus Moreira,Quantum computing can accelerate AI by enabling faster processing improved optimization and enhanced data handling Quantum parallelism allows qubits to process multiple states simultaneously reducing training time for machine learning models Algorithms like QAOA optimize AI,Sat Feb 15 14:07:30 +0000 2025,1,7,160.0,[],https://twitter.com/CreusMoreira/status/1890764877024625115,Positive
32,arman,if you want to be hireable learn machine learning,Fri Feb 14 16:23:44 +0000 2025,91,1783,86532.0,[],https://twitter.com/armankhon/status/1890436774847000761,Positive
33,Zhiting Hu,Machine Learning has many paradigms unselfsupervised reinforcement adversarial knowledgedriven active online learning etc Is there an underlying Standard Model that unifies amp generalizes this bewildering zoo Our paper presents an attempt toward it 1,Thu Nov 10 17:23:00 +0000 2022,46,239,,[],https://twitter.com/ZhitingHu/status/1590756927205953536,Positive
34,Python Developer,List VS Tuple python programming developer programmer coding coder softwaredeveloper computerscience webdev webdeveloper webdevelopment pythonprogramming pythonquiz ai ml machinelearning datascience,Sun Feb 09 23:16:00 +0000 2025,49,324,17164.0,"['#python', '#programming', '#developer', '#programmer', '#coding', '#coder', '#softwaredeveloper', '#computerscience', '#webdev', '#webdeveloper', '#webdevelopment', '#pythonprogramming', '#pythonquiz', '#ai', '#ml', '#machinelearning', '#datascience']",https://twitter.com/Python_Dv/status/1888728585873117483,Neutral
35,Python Developer,PowerBI vs Tableau PowerBI Tableau python programming developer programmer coding coder softwaredeveloper computerscience webdev webdeveloper webdevelopment pythonprogramming pythonquiz ai ml machinelearning datascience,Thu Feb 13 05:23:00 +0000 2025,28,129,6516.0,"['#PowerBI', '#Tableau', '#python', '#programming', '#developer', '#programmer', '#coding', '#coder', '#softwaredeveloper', '#computerscience', '#webdev', '#webdeveloper', '#webdevelopment', '#pythonprogramming', '#pythonquiz', '#ai', '#ml', '#machinelearning', '#datascience']",https://twitter.com/Python_Dv/status/1889908107968651594,Neutral
36,Umer Alvi ğŸ‡µğŸ‡°,The branches of artificial intelligence are diverse including machine learning natural language processing computer vision and robotics These technologies are transforming the world ArtificialIntelligence AI Technology,Sat Feb 08 09:46:44 +0000 2025,8,8,397.0,"['#ArtificialIntelligence', '#AI', '#Technology']",https://twitter.com/ualvi27/status/1888162541760569550,Positive
37,Python Developer,5 different ways to swap two numbers in python python programming developer programmer coding coder softwaredeveloper computerscience webdev webdeveloper webdevelopment pythonprogramming pythonquiz ai ml machinelearning datascience,Wed Feb 12 17:34:00 +0000 2025,22,150,6194.0,"['#python', '#programming', '#developer', '#programmer', '#coding', '#coder', '#softwaredeveloper', '#computerscience', '#webdev', '#webdeveloper', '#webdevelopment', '#pythonprogramming', '#pythonquiz', '#ai', '#ml', '#machinelearning', '#datascience']",https://twitter.com/Python_Dv/status/1889729682335236466,Neutral
38,Jean-Baptiste Lefevre,Datascience roadmap 2025 AI MachineLearning DeepLearning DataScience GenerativeAI LLM Python Code 100DaysOfCode via,Wed Feb 12 18:43:32 +0000 2025,48,63,3202.0,"['#AI', '#MachineLearning', '#DeepLearning', '#DataScience', '#GenerativeAI', '#LLM', '#Python', '#Code', '#100DaysOfCode']",https://twitter.com/jblefevre60/status/1889747181856292990,Neutral
39,CJ,Im deleting this soon because its a legit cashprinting formula ğ—£ğ—®ğ—¶ğ—± ğ—–ğ—¼ğ˜‚ğ—¿ğ˜€ğ—² ğ—™ğ—¥ğ—˜ğ—˜ PART 1 2 3 1 Artificial Intelligence Data Analyst 2 Machine Learning Data Science 3 Cloud Computing Web Dev 4 Ethical Hacking Hacking 5 Data Analytics DSA,Thu Feb 13 03:23:26 +0000 2025,214,351,51354.0,[],https://twitter.com/CjRandhawaX/status/1889878018157670517,Positive
40,Md Sofol,ğ€ğ¥ğ¥ ğğšğ¢ğ ğ‚ğ¨ğ®ğ«ğ¬ğğ¬ ğ…ğ«ğğ ğŸğ¨ğ« ğ…ğ¢ğ«ğ¬ğ­ ğŸ“ğŸğŸğŸ ğğğ¨ğ©ğ¥ğ 1 Artificial Intelligence 2 Machine Learning 3 Ethical Hacking 4 Data Analytics 5 AWS Certified 6 Data Science 7 Python To get it just 1 Like amp RT 2 Reply SEND 3 Follow MUST,Sat Feb 15 08:54:46 +0000 2025,34,55,3000.0,[],https://twitter.com/sofol_ai/status/1890686176215904440,Positive
41,Python Developer,Python Data Type Cheat Sheet python programming developer programmer coding coder softwaredeveloper computerscience webdev webdeveloper webdevelopment pythonprogramming pythonquiz ai ml machinelearning datascience,Thu Feb 13 17:30:00 +0000 2025,42,177,10726.0,"['#python', '#programming', '#developer', '#programmer', '#coding', '#coder', '#softwaredeveloper', '#computerscience', '#webdev', '#webdeveloper', '#webdevelopment', '#pythonprogramming', '#pythonquiz', '#ai', '#ml', '#machinelearning', '#datascience']",https://twitter.com/Python_Dv/status/1890091064838787212,Negative
42,Ronald van Loon,This 10Storey Building Was Constructed In Just In 28 hours and 45 minutes via Engineering MachineLearning Innovation EmergingTech Technology Tech cc,Fri Feb 14 04:20:07 +0000 2025,15,21,1617.0,"['#Engineering', '#MachineLearning', '#Innovation', '#EmergingTech', '#Technology', '#Tech']",https://twitter.com/Ronald_vanLoon/status/1890254670423027940,Positive
43,Nusret â›´ï¸,Questionable practices in machine learning,Mon Feb 10 20:54:23 +0000 2025,0,14,990.0,[],https://twitter.com/nsrt_py/status/1889055334108401899,Negative
44,Nargis Mita,All Free Courses On Google Drive Data Analytics Data Science MBA Python BIG DATA AWS Certified Ethical Hacking Cloud Computing Machine Learning Artificial Intelligence To get 1 LIKE amp RETWEET 2 Comment AI 3 Follow me So i can DM you,Sun Feb 09 16:02:31 +0000 2025,89,189,23954.0,[],https://twitter.com/hey_ankita/status/1888619497499885576,Positive
45,PYOFLIFE.COM,Time series analysis is a critical component of data science helping analysts understand trends seasonal patterns and anomalies within data over time DataScience rstats DataScientists machinelearning artificialintelligence DataVisualization,Sat Feb 15 06:54:14 +0000 2025,7,37,738.0,"['#DataScience', '#rstats', '#DataScientists', '#machinelearning', '#artificialintelligence', '#DataVisualization']",https://twitter.com/Parajulisaroj16/status/1890655842820616400,Neutral
46,Tekraj AwasthiğŸ§‘â€ğŸ’»ğŸ‡³ğŸ‡µ,Skills required to get a Machine Learning job,Sat Feb 15 02:30:00 +0000 2025,3,20,538.0,[],https://twitter.com/trawasthi_ai/status/1890589346732077512,Neutral
47,Rony,Im deleting this soon because its a legit cashprinting formula ğ—£ğ—®ğ—¶ğ—± ğ—–ğ—¼ğ˜‚ğ—¿ğ˜€ğ—² ğ—™ğ—¥ğ—˜ğ—˜ PART 1 2 3 1 Artificial Intelligence Data Analyst 2 Machine Learning Data Science 3 Cloud Computing Web Dev 4 Ethical Hacking Hacking 5 Data Analytics,Tue Feb 11 12:15:26 +0000 2025,540,1012,97382.0,[],https://twitter.com/Ronycoder/status/1889287126077861981,Positive
48,Axia Africa,A Data Scientist doesnt just predict the futurethey shape it In just five months youll master machine learning build four projects and graduate as an ACTDcertified Data Scientist,Sat Feb 15 08:50:56 +0000 2025,8,16,330.0,[],https://twitter.com/axiaafrica/status/1890685213417619767,Neutral
49,Ariful Haque Arnob,Get Premium Paid Courses on Google Drive for Free Whats inside Data Analytics Data Science MBA Python BIG DATA AWS Ethical Hacking AI Machine Learning To get it Follow MUST Like RT Reply All,Sat Feb 15 04:02:42 +0000 2025,27,53,1620.0,[],https://twitter.com/Ariful_Ai01/status/1890612674100138383,Positive
50,Avi Kumar Talaviya,5 major machine learning algorithms every data scientist should learn 1 Logistic regression 2 Support vector machines 3 Multilayer perceptron 4 Random forest 5 Boosted Trees,Mon Jun 13 21:30:00 +0000 2022,94,433,,[],https://twitter.com/avikumart_/status/1536460903960526850,Positive
51,Tivadar Danka,How to build a good understanding of math for machine learning I get this question a lot so I decided to make a complete roadmap for you In essence three fields make this up calculus linear algebra and probability theory Lets take a quick look at them,Mon Feb 10 10:42:04 +0000 2025,196,1464,89785.0,[],https://twitter.com/TivadarDanka/status/1888901240492548158,Positive
52,Swapna Kumar Panda,Mathematics for Machine Learning A 47page introduction from UC Berkeley Absolutely FREE,Wed Feb 12 17:30:08 +0000 2025,285,1879,123156.0,[],https://twitter.com/swapnakpanda/status/1889728710607077620,Positive
53,Fabrizio Bustamante,Incredible right ArtificialIntelligence Robotics AI MachineLearning IoT 5G DeepLearning ElonMusk Cc,Fri Feb 14 01:06:16 +0000 2025,17,25,1433.0,"['#ArtificialIntelligence', '#Robotics', '#AI', '#MachineLearning', '#IoT', '#5G', '#DeepLearning', '#ElonMusk']",https://twitter.com/Fabriziobustama/status/1890205886360219752,Neutral
54,Dr. Ganapathi Pulipaka ğŸ‡ºğŸ‡¸,HandsOn Deep QLearning BigData Analytics DataScience AI MachineLearning IoT IIoT PyTorch Python RStats TensorFlow Java JavaScript ReactJS GoLang CloudComputing Serverless DataScientist Linux Programming Coding 100DaysofCode,Fri Feb 14 17:42:20 +0000 2025,3,8,620.0,"['#BigData', '#Analytics', '#DataScience', '#AI', '#MachineLearning', '#IoT', '#IIoT', '#PyTorch', '#Python', '#RStats', '#TensorFlow', '#Java', '#JavaScript', '#ReactJS', '#GoLang', '#CloudComputing', '#Serverless', '#DataScientist', '#Linux', '#Programming', '#Coding', '#100DaysofCode']",https://twitter.com/gp_pulipaka/status/1890456554077368699,Neutral
55,sabir hussain,Paid Courses FREE 1 AI Data Analytics 2 Machine Learning DS 3 Cloud Computing Web Dev 4 Ethical Hacking Hacking 5 Data Analytics DSA 6 AWS IBM 7 DS Deep Learning 8 BIG DATA SQL 10 MBA To get 1 Follow must 2 Like amp RETWEET 3 Reply DM,Sun Feb 09 10:13:36 +0000 2025,284,553,90615.0,[],https://twitter.com/sabir_huss50540/status/1888531689137135634,Positive
56,World Bank Data,126 million Afghans face food insecurity with 29 million on the brink of starvation New data tools like machine learning models amp realtime price tracking are helping target interventions Details,Sat Feb 15 14:01:12 +0000 2025,0,1,184.0,[],https://twitter.com/worldbankdata/status/1890763294828331483,Positive
57,Sohel,I have 10 ROADMAPS that can help get started with any of the following Job roles Data Scientist Cybersecurity Data Analyst AI engineer Machine Learning Big Data Architect Cloud Computing Data Engineer Business Analyst Generative AI Software Development,Fri Feb 07 15:32:57 +0000 2025,67,117,14479.0,[],https://twitter.com/SohelBloom/status/1887887278351000061,Positive
58,Dr. Ganapathi Pulipaka ğŸ‡ºğŸ‡¸,Curated List of Generative AI Tools and Framework BigData Analytics DataScience AI MachineLearning IoT IIoT PyTorch Python RStats TensorFlow Java JavaScript ReactJS GoLang CloudComputing Serverless DataScientist Linux Programming Coding 100DaysofCode,Fri Feb 14 18:00:09 +0000 2025,3,5,346.0,"['#BigData', '#Analytics', '#DataScience', '#AI', '#MachineLearning', '#IoT', '#IIoT', '#PyTorch', '#Python', '#RStats', '#TensorFlow', '#Java', '#JavaScript', '#ReactJS', '#GoLang', '#CloudComputing', '#Serverless', '#DataScientist', '#Linux', '#Programming', '#Coding', '#100DaysofCode']",https://twitter.com/gp_pulipaka/status/1890461039789043985,Neutral
59,Rashidul Islam Rakib,All free courses on google drive Data Analytics Data Science MBA Python BIG DATA AWS Certified Ethical Hacking Cloud Computing Machine Learning Artificial Intelligence To get 1 LIKE amp RETWEET 2 Comment AI 3 Follow me So i can DM you,Mon Feb 10 17:29:04 +0000 2025,89,190,26261.0,[],https://twitter.com/IslamRashi2000/status/1889003667392802972,Positive
60,Machine Learning Mastery,NextLevel Data Science 7Day MiniCourse,Sat Feb 15 00:13:58 +0000 2025,3,6,951.0,[],https://twitter.com/TeachTheMachine/status/1890555115213643938,Neutral
61,tut_ml,Best Machine Learning Courses MachineLearning DeepLearning BigData Datascience ML HealthTech DataVisualization ArtificialInteligence SoftwareEngineering GenAI deeplearning ChatGPT OpenAI python AI,Fri Feb 07 10:28:42 +0000 2025,37,158,14533.0,"['#MachineLearning', '#DeepLearning', '#BigData', '#Datascience', '#ML', '#HealthTech', '#DataVisualization', '#ArtificialInteligence', '#SoftwareEngineering', '#GenAI', '#deeplearning', '#ChatGPT', '#OpenAI', '#python', '#AI']",https://twitter.com/tut_ml/status/1887810711100735870,Positive
62,OCTO AI,By utilizing advanced machine learning algorithms Octo AI can predict market movements based on sentiment trends and historical data helping users make informed decisions before the broader market catches up,Thu Feb 13 14:33:46 +0000 2025,0,2,233.0,[],https://twitter.com/octoaisolana/status/1890046713433559374,Positive
63,Machine Learning in Chemistry,Artificial Intelligence in Natural Product Drug Discovery Current Applications and Future Perspectives machinelearning compchem,Sun Feb 09 14:00:14 +0000 2025,12,41,1312.0,"['#machinelearning', '#compchem']",https://twitter.com/ML_Chem/status/1888588722238611924,Positive
64,Allie,In honor of roster mania I created a machine learning program that uses Apex players competitive statistics to match them with teammates of similar skill and make balanced Random Royale lobbies This was my final project before graduation I never posted it as I was planning,Mon Feb 10 02:00:43 +0000 2025,28,397,42679.0,[],https://twitter.com/allieharp_/status/1888770039115071762,Positive
65,Dr. Ganapathi Pulipaka ğŸ‡ºğŸ‡¸,MIT 35 best courses in machine learning Explore a world of knowledge with free online courses from MIT on edX featuring lessons in AI machine learning computer science engineering circuits and electronics Genetics data science statistics and much more Many people,Thu Feb 13 06:57:16 +0000 2025,3,6,353.0,[],https://twitter.com/gp_pulipaka/status/1889931830507307213,Positive
66,Dr. Ganapathi Pulipaka ğŸ‡ºğŸ‡¸,Handbook of MachineLearning for Computational Optimization BigData Analytics DataScience AI MachineLearning IoT IIoT Python RStats TensorFlow CloudComputing Serverless DataScientist Linux Books Programming Coding 100DaysofCode,Sat Feb 15 04:57:42 +0000 2025,5,10,370.0,"['#MachineLearning', '#BigData', '#Analytics', '#DataScience', '#AI', '#MachineLearning', '#IoT', '#IIoT', '#Python', '#RStats', '#TensorFlow', '#CloudComputing', '#Serverless', '#DataScientist', '#Linux', '#Books', '#Programming', '#Coding', '#100DaysofCode']",https://twitter.com/gp_pulipaka/status/1890626515643097443,Positive
67,munen ğŸŒŸ,If youre looking for topnotch AiMl study resources here are top 5 free Resources along with links 1 gt Andrew Ngs CS 229 for ML It develops your root understanding from basics to Advance in Machine Learning,Fri Feb 14 11:25:17 +0000 2025,47,299,27809.0,[],https://twitter.com/munen5647/status/1890361667445231687,Positive
68,Dr. Ganapathi Pulipaka ğŸ‡ºğŸ‡¸,Xavier Glorot in Neural Networks BigData Analytics DataScience AI MachineLearning IoT IIoT Python RStats TensorFlow Java JavaScript ReactJS CloudComputing Serverless DataScientist Linux Mathematics Programming Coding 100DaysofCode,Sat Feb 15 06:00:07 +0000 2025,6,8,493.0,"['#BigData', '#Analytics', '#DataScience', '#AI', '#MachineLearning', '#IoT', '#IIoT', '#Python', '#RStats', '#TensorFlow', '#Java', '#JavaScript', '#ReactJS', '#CloudComputing', '#Serverless', '#DataScientist', '#Linux', '#Mathematics', '#Programming', '#Coding', '#100DaysofCode']",https://twitter.com/gp_pulipaka/status/1890642225693925421,Neutral
69,Graceful Star ğŸŒŸ,Seminar defense done Time to delve into the machine learning world,Tue Feb 11 16:57:41 +0000 2025,11,131,3964.0,[],https://twitter.com/GracefulStar3/status/1889358155353555283,Positive
70,Math Cafe,MITs Machine Learning lecture notes PDF,Tue Feb 11 03:56:21 +0000 2025,142,738,36091.0,[],https://twitter.com/Riazi_Cafe_en/status/1889161527904927839,Neutral
71,machine learning,It provides me with what I need even before I realize I need it,Tue Feb 11 18:58:14 +0000 2025,2,3,162.0,[],https://twitter.com/Mlearning_ai/status/1889388492658250088,Neutral
72,Jean-Baptiste Lefevre,The sectors adding the most AI AI MachineLearning DeepLearning DataScience GenerativeAI LLM Python Code 100DaysOfCode,Thu Feb 13 18:55:30 +0000 2025,46,51,2242.0,"['#AI', '#MachineLearning', '#DeepLearning', '#DataScience', '#GenerativeAI', '#LLM', '#Python', '#Code', '#100DaysOfCode']",https://twitter.com/jblefevre60/status/1890112578933735585,Neutral
73,Kirk Borne,ModelBased Clustering and Classification for DataScience with Applications in R Rstats DataScientist MachineLearning AI Statistics Mathematics,Mon Feb 10 00:17:50 +0000 2025,24,147,10023.0,"['#DataScience', '#Rstats', '#DataScientist', '#MachineLearning', '#AI', '#Statistics', '#Mathematics']",https://twitter.com/KirkDBorne/status/1888744147953074519,Neutral
74,Swapna Kumar Panda,Stanfords CS229 Machine Learning A complete lecture notes by Andrew Ng 227 pages,Sat Feb 08 18:10:20 +0000 2025,352,2626,183431.0,[],https://twitter.com/swapnakpanda/status/1888289275718013072,Neutral
75,Dr. Ganapathi Pulipaka ğŸ‡ºğŸ‡¸,1847 Gaussian Machine Learning BigData Analytics DataScience AI MachineLearning IoT IIoT PyTorch Python RStats TensorFlow ReactJS GoLang CloudComputing Serverless DataScientist Linux Programming Coding 100DaysofCode,Sat Feb 15 05:57:13 +0000 2025,3,9,346.0,"['#BigData', '#Analytics', '#DataScience', '#AI', '#MachineLearning', '#IoT', '#IIoT', '#PyTorch', '#Python', '#RStats', '#TensorFlow', '#ReactJS', '#GoLang', '#CloudComputing', '#Serverless', '#DataScientist', '#Linux', '#Programming', '#Coding', '#100DaysofCode']",https://twitter.com/gp_pulipaka/status/1890641494827991458,Neutral
76,Machine Learning in Chemistry,Predicting the Electron Density of Charged Systems Using Machine Learning machinelearning compchem,Sat Feb 15 00:00:04 +0000 2025,1,19,591.0,"['#machinelearning', '#compchem']",https://twitter.com/ML_Chem/status/1890551614756278332,Negative
77,Dr. Ganapathi Pulipaka ğŸ‡ºğŸ‡¸,On The Evolution of Data Science and Machine Learning From Ancient Roots to a Modern Frontier BigData Analytics DataScience IoT IIoT PyTorch Python RStats TensorFlow Java JavaScript ReactJS GoLang CloudComputing Serverless DataScientist Linux Books,Sat Feb 15 04:00:04 +0000 2025,6,15,567.0,"['#BigData', '#Analytics', '#DataScience', '#IoT', '#IIoT', '#PyTorch', '#Python', '#RStats', '#TensorFlow', '#Java', '#JavaScript', '#ReactJS', '#GoLang', '#CloudComputing', '#Serverless', '#DataScientist', '#Linux', '#Books']",https://twitter.com/gp_pulipaka/status/1890612014835208418,Neutral
78,Alamin,10 Machine Learning and AI with Python The course teaches Pythonbased AI fundamentals through handson projects in graph search algorithms game engines and machine learning Link,Sat Feb 15 10:46:31 +0000 2025,1,2,639.0,[],https://twitter.com/iam_chonchol/status/1890714300689555796,Neutral
79,Scrooge_WTF,Scrooge Ai implements ML machine learning Scrooge Ai implements ML machine learning this means that if Scrooge Ai does not provide an answer for a specific query or provides an imprecise incomplete answer it will start the ML process and be able to,Sat Feb 15 11:57:18 +0000 2025,2,4,2927.0,[],https://twitter.com/Scrooge_WTF/status/1890732112451457321,Neutral
80,ipfconline,Artificial general intelligence AGI What General really means v by DataScience AI MachineLearning Cc,Fri Feb 14 06:15:01 +0000 2025,24,21,887.0,"['#DataScience', '#AI', '#MachineLearning']",https://twitter.com/ipfconline1/status/1890283587376648238,Positive
81,Tinz Twins,Machine Learning A Visual Guide to Stacking 1 Stacking General Stacking is an ensemble method An ensemble combines multiple models to create an even more powerful model Primary idea The aggregation of multiple models helps to reduce the weaknesses of individual,Sat Feb 08 17:33:24 +0000 2025,7,59,6943.0,[],https://twitter.com/tinztwins/status/1888279980620025921,Positive
82,Finance Nerd,They dont read earnings reports They dont watch the news Yet Renaissance Technologies is the most profitable hedge fund in historybeating Buffett Soros and everyone else How Pure maths AI and machine learning Heres how they turned data into billions,Sat Feb 08 00:57:48 +0000 2025,92,628,140293.0,[],https://twitter.com/Finance_Nerd_/status/1888029428317343852,Positive
83,Mack - #TechTrends,Gene edited can produce a compound thats vital for human health AI MachineLearning Genomics BioTech FoodTech MWC25,Sat Feb 15 08:05:50 +0000 2025,3,9,172.0,"['#AI', '#MachineLearning', '#Genomics', '#BioTech', '#FoodTech', '#MWC25']",https://twitter.com/Analytics_699/status/1890673860543984115,Positive
84,Aman Kharwal,Master MachineLearning by working on real world projects Heres a list of 40 Machine Learning projects with Python you should try,Fri Feb 14 16:23:12 +0000 2025,10,22,482.0,"['#MachineLearning', '#Python']",https://twitter.com/amankk_9/status/1890436640868315262,Neutral
85,arman,I created a roadmap to learn artificial Intelligence and machine learning in 2025 I recently transitioned to working in aiml as a software engineer Here are the best free resources and roadmap I used to prepare for interviews and land a job,Tue Feb 11 17:26:02 +0000 2025,482,3847,233151.0,[],https://twitter.com/armankhon/status/1889365290246676633,Positive
86,Michael Joseph Panaga,Daily AI MachineLearning Study Log Entry 110 Finished a course and started a new one Key takeaways Applied ML is a highly iterative process So one of the things to determine how quickly we can make progress is how efficiently we can go around the appliedML cycle,Sat Feb 15 14:01:40 +0000 2025,0,1,11.0,"['#AI', '#MachineLearning']",https://twitter.com/_micmico/status/1890763409341436134,Positive
87,Dr. Ganapathi Pulipaka ğŸ‡ºğŸ‡¸,Great Learning History of Machine Learning BigData Analytics DataScience AI MachineLearning IoT IIoT Python RStats TensorFlow Java JavaScript ReactJS CloudComputing Serverless DataScientist Linux Programming Coding 100DaysofCode,Thu Feb 13 03:00:07 +0000 2025,2,3,475.0,"['#BigData', '#Analytics', '#DataScience', '#AI', '#MachineLearning', '#IoT', '#IIoT', '#Python', '#RStats', '#TensorFlow', '#Java', '#JavaScript', '#ReactJS', '#CloudComputing', '#Serverless', '#DataScientist', '#Linux', '#Programming', '#Coding', '#100DaysofCode']",https://twitter.com/gp_pulipaka/status/1889872151785935341,Positive
88,"UCU Computing, Engineering, Data Science, Robotics",Data Science Topic of the day Machine Learning Today let us talk data science to prospective data scientists There are three Fundamental Types of Machine Learning Supervised Learning Unsupervised Learning Reinforcement Learning Lets analyze them individually,Wed Feb 12 05:13:36 +0000 2025,8,17,441.0,[],https://twitter.com/ucu_ComputEng/status/1889543353013870599,Neutral
89,Kirk Borne,Microsoft Azure books 1 MachineLearning Engineering Deploy finetune amp optimize ML models 2 Cloud Computing amp Development Fundamentals AI DataScience DataScientist MLOps DataEngineering DataEngineer,Sat Feb 08 00:33:17 +0000 2025,61,306,24411.0,"['#Azure', '#MachineLearning', '#ML', '#Cloud', '#AI', '#DataScience', '#DataScientist', '#MLOps', '#DataEngineering', '#DataEngineer']",https://twitter.com/KirkDBorne/status/1888023260564177386,Positive
90,Dan | Machine Learning Engineer,Applied Machine Learning by Learn some of the most widely used techniques in ML Optimization and Calculus Overfitting and Underfitting Regularization Monte Carlo Estimation Maximum Likelihood Learning Nearest Neighbours,Tue Jan 23 13:00:13 +0000 2024,111,459,22682.0,[],https://twitter.com/DanKornas/status/1749779066930987088,Positive
91,Beyond Machine,Master the Core Algorithms of Machine Learning Machine Learning is revolutionizing industries and understanding its foundational algorithms is your key to unlocking AIu2019s potential MachineLearning AI TechInnovation DataScience MLAlgorithms,Thu Feb 13 14:42:24 +0000 2025,0,1,14.0,"['#MachineLearning', '#AI', '#TechInnovation', '#DataScience', '#MLAlgorithms']",https://twitter.com/beyond_machine/status/1890048884824473657,Neutral
92,ğ–³ğ—ğ—‚ğ—Œ ğ—‚ğ—Œ ğ—‡ğ—ˆğ— ğ–ªğ—‚ğ—†ğ—ğ—ğ—‡.,à¹€à¸£à¸¢à¸™ Machine Learning Courses Part1 à¸à¸š Standford University FREE à¸œà¸²à¸™ Youtube CS221 Artificial Intelligence CS229 Machine Learning CS230 Deep Learning CS234 Reinforcement Learning CS224N NLP with Deep Learning à¸¥à¸‡à¸„à¸­à¸¢à¹ƒà¸™à¹€à¸˜à¸£à¸” à¸›à¸²à¸¢à¸¢à¸²à¸„à¸­à¸£à¸ªà¹€à¸£à¸¢à¸™,Sat Feb 08 08:37:52 +0000 2025,18,45,683559.0,['#à¸›'],https://twitter.com/pnvich/status/1888145209068048560,Positive
93,Swapna Kumar Panda,Linear Algebra for Machine Learning Published by University of Pennsylvania this book is now available FREE An essential copy 787 pages for all ML students,Fri Feb 07 18:00:20 +0000 2025,208,1170,75044.0,[],https://twitter.com/swapnakpanda/status/1887924371496518118,Positive
94,Machine Learning in Chemistry,Machine LearningBased Bioactivity Classification of Natural Products Using LCMSMS Metabolomics machinelearning compchem,Mon Feb 10 02:00:09 +0000 2025,7,22,1062.0,"['#machinelearning', '#compchem']",https://twitter.com/ML_Chem/status/1888769896047124643,Positive
95,"Eyo Eyo, PhD",Machine learning crash course provided by Google for free A thread,Sat Feb 15 13:58:22 +0000 2025,1,10,661.0,[],https://twitter.com/Eyowhite3/status/1890762580924252345,Positive
96,Eric Seufert,Itll be interesting to observe whether layoffs in the tech sector will have a modernizing effect on other sectors of the economy What happens to the Energy Construction Cruise industries if they can onboard 20 more data scientists or machine learning engineers,Tue Feb 11 13:56:46 +0000 2025,1,24,2289.0,[],https://twitter.com/eric_seufert/status/1889312627299414068,Positive
97,Muin J. Khoury,Machine learningartificial intelligence are viewed as the future of predictive analytics This systematic review shows no performance benefit of machine learning over logistic regression in clinical prediction models,Tue Feb 12 14:02:13 +0000 2019,95,187,,[],https://twitter.com/MuinJKhoury/status/1095322186120904704,Negative
98,Centre for Epidemic Response & Innovation (CERI),OpportunityAlert Passionate about pathogen phylodynamics disease ecological modeling or machine learning for infectious diseases We have 3 positions for a 3year taxfree Postdoc Fellowship at CERI 28022025,Mon Feb 10 10:59:09 +0000 2025,7,15,1330.0,['#OpportunityAlert'],https://twitter.com/ceri_news/status/1888905540085932078,Positive
99,Python Developer,Python Trick python programming developer programmer coding coder softwaredeveloper computerscience webdev webdeveloper webdevelopment pythonprogramming pythonquiz ai ml machinelearning datascience,Fri Feb 14 02:17:00 +0000 2025,17,77,3393.0,"['#python', '#programming', '#developer', '#programmer', '#coding', '#coder', '#softwaredeveloper', '#computerscience', '#webdev', '#webdeveloper', '#webdevelopment', '#pythonprogramming', '#pythonquiz', '#ai', '#ml', '#machinelearning', '#datascience']",https://twitter.com/Python_Dv/status/1890223686902542836,Negative
100,AIOZ Network,Hello AIOZ Community Welcome to Ask AIOZ AI our bitesized series where we break down key AI concepts in a simple way Q What is Transfer Learning A Its a machine learning technique where a model trained for one task is reused as a starting point for another boosting,Mon Feb 10 10:37:50 +0000 2025,48,226,7201.0,[],https://twitter.com/AIOZNetwork/status/1888900174262792674,Positive
101,Dr. Ganapathi Pulipaka ğŸ‡ºğŸ‡¸,Introduction to Machine Learning Course Repo BigData Analytics DataScience AI MachineLearning IoT IIoT PyTorch Python RStats TensorFlow Java GoLang CloudComputing Serverless DataScientist Linux Programming Coding 100DaysofCode,Sat Feb 15 05:42:16 +0000 2025,5,10,427.0,"['#BigData', '#Analytics', '#DataScience', '#AI', '#MachineLearning', '#IoT', '#IIoT', '#PyTorch', '#Python', '#RStats', '#TensorFlow', '#Java', '#GoLang', '#CloudComputing', '#Serverless', '#DataScientist', '#Linux', '#Programming', '#Coding', '#100DaysofCode']",https://twitter.com/gp_pulipaka/status/1890637733506224220,Neutral
102,Kirk Borne,Practical Statistics for DataScientists 50 Essential Concepts Using R and Python Analytics DataScience AI MachineLearning ML Mathematics StatisticalLiteracy DataLiteracy DataFluency DataAnalytics Rstats,Mon Feb 10 16:16:37 +0000 2025,63,435,21218.0,"['#Statistics', '#DataScientists', '#Python', '#Analytics', '#DataScience', '#AI', '#MachineLearning', '#ML', '#Mathematics', '#StatisticalLiteracy', '#DataLiteracy', '#DataFluency', '#DataAnalytics', '#Rstats']",https://twitter.com/KirkDBorne/status/1888985433230475360,Neutral
103,Kirk Borne,Download 208page PDF eBook Successful AlgorithmicTrading quantitative strategies for profitable trading results TimeSeries PredictiveAnalytics Forecasting MachineLearning Statistics DataScience Algorithms Mathematics,Mon Feb 10 00:16:09 +0000 2025,47,189,10679.0,"['#AlgorithmicTrading', '#TimeSeries', '#PredictiveAnalytics', '#Forecasting', '#MachineLearning', '#Statistics', '#DataScience', '#Algorithms', '#Mathematics']",https://twitter.com/KirkDBorne/status/1888743725360439577,Positive
104,AITECH,What is Machine Learning ML Machine Learning ML is a type of AI that allows computers to learn from data and improve over time without explicit programming It powers everything from personalized recommendations to fraud detection and autonomous systems As ML continues,Mon Feb 10 06:00:20 +0000 2025,493,916,51193.0,[],https://twitter.com/AITECHio/status/1888830338765664701,Negative
105,Dr. Ganapathi Pulipaka ğŸ‡ºğŸ‡¸,Computer Science Has Gone Mainstream in US Education BigData Analytics DataScience AI MachineLearning IoT IIoT PyTorch Python RStats TensorFlow Java JavaScript ReactJS GoLang CloudComputing Serverless DataScientist Linux Programming Coding 100DaysofCode,Sat Feb 15 05:26:04 +0000 2025,3,4,347.0,"['#BigData', '#Analytics', '#DataScience', '#AI', '#MachineLearning', '#IoT', '#IIoT', '#PyTorch', '#Python', '#RStats', '#TensorFlow', '#Java', '#JavaScript', '#ReactJS', '#GoLang', '#CloudComputing', '#Serverless', '#DataScientist', '#Linux', '#Programming', '#Coding', '#100DaysofCode']",https://twitter.com/gp_pulipaka/status/1890633655761961137,Neutral
106,Kirk Borne,Algorithms to Live By The Computer Science of Human Decisions DataScience ComputerScience Analytics Mathematics Statistics DecisionScience MachineLearning ML AI DataScientist CDO DataDriven,Sun Feb 09 02:42:29 +0000 2025,51,277,15734.0,"['#Algorithms', '#DataScience', '#ComputerScience', '#Analytics', '#Mathematics', '#Statistics', '#DecisionScience', '#MachineLearning', '#ML', '#AI', '#DataScientist', '#CDO', '#DataDriven']",https://twitter.com/KirkDBorne/status/1888418162963550471,Neutral
107,Python Developer,Data Science Roadmap python datascience machinelearning deeplearning ai artificialintelligence programming developer softwaredeveloper computerscience calculus linearalgebra algebra maths mathematics,Tue Feb 11 02:29:00 +0000 2025,32,157,9965.0,"['#python', '#datascience', '#machinelearning', '#deeplearning', '#ai', '#artificialintelligence', '#programming', '#developer', '#softwaredeveloper', '#computerscience', '#calculus', '#linearalgebra', '#algebra', '#maths', '#mathematics']",https://twitter.com/Python_Dv/status/1889139543330238657,Neutral
108,IIT Kanpur,Introducing the IITK Certificate Program on Python QISKIT for DataScience DataAnalytics MachineLearning and QuantumComputing from 1st March to 28th March 2025 Features of the program Fully live lectures Deep mathematical insights Multiple PYTHON projects,Fri Feb 14 12:42:15 +0000 2025,4,4,649.0,"['#Python', '#DataScience', '#DataAnalytics', '#MachineLearning', '#QuantumComputing']",https://twitter.com/IITKanpur/status/1890381036753932442,Neutral
109,ipfconline,Research Open Sparse Autoencoders Everywhere The Ambitious Vision of DeepMinds Gemma Scope AI DataScience MachineLearning DeepLearning Cc,Sat Feb 15 13:45:02 +0000 2025,2,2,151.0,"['#AI', '#DataScience', '#MachineLearning', '#DeepLearning']",https://twitter.com/ipfconline1/status/1890759226089169342,Positive
110,Alphanome.AI,The Ghost in the Machine Learning The Problem of Qualia in AI,Sat Feb 15 11:37:36 +0000 2025,3,3,33.0,[],https://twitter.com/alphanomeai/status/1890727153743913380,Negative
111,ArbiMind,ArbiMind Continuously evolving AI health by adapting and learning MachineLearning Wellness,Sat Feb 15 12:23:05 +0000 2025,3,26,57.0,"['#MachineLearning', '#Wellness']",https://twitter.com/arbi_mind/status/1890738602969055725,Positive
112,Wittig Lyon,The future is Data science and Machine Learning and others,Fri Feb 14 14:56:57 +0000 2025,5,34,2205.0,[],https://twitter.com/ibn_wittig/status/1890414934044897683,Neutral
113,T.C.P.,AI art peaked already The early images had an ethereal dreamlike quality as the machines were just learning to see,Thu Feb 13 19:22:28 +0000 2025,60,1876,39809.0,[],https://twitter.com/techceopepe/status/1890119366051786970,Neutral
114,Python Developer,Questions about your experience with Python python programming developer programmer coding coder softwaredeveloper computerscience webdev webdeveloper webdevelopment pythonprogramming pythonquiz ai ml machinelearning datascience,Fri Feb 07 23:25:00 +0000 2025,27,205,14846.0,"['#python', '#programming', '#developer', '#programmer', '#coding', '#coder', '#softwaredeveloper', '#computerscience', '#webdev', '#webdeveloper', '#webdevelopment', '#pythonprogramming', '#pythonquiz', '#ai', '#ml', '#machinelearning', '#datascience']",https://twitter.com/Python_Dv/status/1888006074902659346,Neutral
115,Dr. Ganapathi Pulipaka ğŸ‡ºğŸ‡¸,1847 Gaussian Machine Learning BigData Analytics DataScience AI MachineLearning IoT IIoT PyTorch Python RStats TensorFlow ReactJS GoLang CloudComputing Serverless DataScientist Linux Programming Coding 100DaysofCode,Thu Feb 13 06:57:13 +0000 2025,2,4,536.0,"['#BigData', '#Analytics', '#DataScience', '#AI', '#MachineLearning', '#IoT', '#IIoT', '#PyTorch', '#Python', '#RStats', '#TensorFlow', '#ReactJS', '#GoLang', '#CloudComputing', '#Serverless', '#DataScientist', '#Linux', '#Programming', '#Coding', '#100DaysofCode']",https://twitter.com/gp_pulipaka/status/1889931818763460956,Neutral
116,Kirk Borne,MachineLearning for Financial Risk Management with Python Algorithms for Modeling Risk AI DataScience ML Finance RiskManagement DigitalTransformation Fintech Insurtech PredictiveAnalytics,Tue Feb 11 18:54:29 +0000 2025,86,399,25486.0,"['#MachineLearning', '#Python', '#Algorithms', '#AI', '#DataScience', '#ML', '#Finance', '#RiskManagement', '#DigitalTransformation', '#Fintech', '#Insurtech', '#PredictiveAnalytics']",https://twitter.com/KirkDBorne/status/1889387549837197699,Negative
117,Startuprad.io - Startups and Venture Capital,In this short video CEO Danko Nikolic shares how his startups innovative machine learning algorithms inspired by brain research From selfdriving cars to NASA collaborations discover how theyre revolutionizing the tech landscape ai machinelearning ML,Fri Feb 14 10:54:12 +0000 2025,0,3,66.0,"['#ai', '#machinelearning', '#ML']",https://twitter.com/startuprad_io/status/1890353844653076625,Positive
118,Machine Learning in Chemistry,Large Language Models such as ChatGPT as Tools for Machine LearningBased Data Insights in Analytical Chemistry machinelearning compchem,Sun Feb 09 22:00:03 +0000 2025,6,26,1097.0,"['#machinelearning', '#compchem']",https://twitter.com/ML_Chem/status/1888709472052199825,Neutral
